speed,acceleration,direction_change,dist_from_route,dist_from_last,label
2.6884297367876178,0.07376687964665986,1.6387462431908322,1.360806466249842,10.378259562906933,0
2.1862287810584187,0.09010311355076592,3.982066438585523,0.8110588819466513,5.857610284262028,0
3.001523010076707,0.10959488679365181,6.235858997185429,0.0,6.550161314216796,0
3.5285611131094576,0.0831872630659464,9.598620066908936,1.9391504799970722,8.657783073454082,0
0.0990983068099663,4.94884799093767,144.45251356703602,196.85857247797,451.63016950033824,1
2.9836526259529537,0.0692938717495842,4.615209558548507,1.7488821653575592,6.706327391664753,0
2.076906068880953,0.06502927299383562,6.187742662874136,0.6193478298898605,5.785077182744619,0
2.728663100132989,0.11056982837353295,5.006694866487206,1.9820720317502012,7.200607018328018,0
1.8944323454960574,0.11434779271508544,8.468020008353381,1.1544478236453863,5.775627397442883,0
2.9547333588479194,0.09810534591415847,7.002644241109987,0.48158430117131745,3.5600218248872473,0
2.473158790426823,0.060455910415271735,13.13099493300468,3.5083107487475504,9.396798242658802,0
4.030751788318199,0.05974141241285619,3.4516500743856957,0.5126255535960231,5.1413470580518705,0
3.096794955683772,0.07880549788388237,2.0254188766861034,2.815324166809014,5.990590278586408,0
3.112225909279986,0.09888498581409735,0.0,2.6185563569779244,9.403764504118588,0
3.1675290145420587,0.07179019100697567,7.614667898864425,3.182900489387524,6.505556335559031,0
2.8798373009209324,0.22425949583394458,3.45228406060298,0.11701655332827343,3.0791283558075895,0
2.760581271995798,0.0862598847623656,3.870732336235414,1.7268477534800981,6.632279593307127,0
2.2966694515758888,0.026293393397894715,4.4614562753825595,3.152348638961926,7.143709338014391,0
18.804553803737587,3.4381454271826453,101.99770806540195,151.7700361827625,59.343840376007435,1
3.210486472194695,0.12139071975764516,4.9518378822542415,1.484530726916141,10.369487797413361,0
3.7689659592062763,0.07382120057967086,8.019233120079665,0.0,6.871394108378748,0
3.2041263778572358,0.0,5.441894001167252,3.269613262599843,5.085401424832337,0
3.4757246385290435,0.10802947165858799,6.549190003359737,1.1819978152582538,10.202439161455418,0
3.935482587685891,0.09136854328545826,6.580944174091259,3.1760109851977063,11.298382646668923,0
2.906335490796813,0.1160645735378694,3.054592399942588,1.3764031196673607,7.0476016792020255,0
2.7767425239664894,0.07951567036852514,8.248999815550604,1.0604348327460418,8.906079313144119,0
3.3756935616858943,0.0,6.018067438268661,1.5953041431366737,7.822787787302781,0
2.6131054004482133,0.06100735268891806,2.570825492698148,0.0,8.582567331380513,0
3.206390463468249,0.01240855966241404,3.1647210814862454,1.9361221671686533,9.324612284736604,0
2.987486520627428,0.10221793987578036,3.6492398366651857,2.099014449487257,6.823319885384628,0
3.4980238429029082,0.09374127858084179,2.683422836586862,1.5784176885597072,6.229942735474403,0
4.145471286295371,0.12399135176834165,4.828188767533693,1.8312152625840508,7.266794860322512,0
2.2880214237749277,0.0815530280484269,6.672225670553557,3.0033658927291453,8.882479644340542,0
2.5872514016037442,0.03170879222922805,7.072732872176578,3.391457966955942,7.390754703290529,0
3.346552803631572,0.1596556472925514,2.531432295444703,0.7327233116272698,9.041953746983543,0
2.438727596877793,0.06179066066810768,1.8264901441692967,2.4021978249123515,6.283048217654716,0
3.1621796408608014,0.06502523899161784,9.626829882983905,2.779130625588352,9.730542314589092,0
3.6527394035771645,0.08192686166530072,8.303990494668652,1.8703269479713993,7.22523650997057,0
15.684450143192226,3.327851380484094,81.37646933354,55.88422211901903,132.77646777227972,1
2.023956100238749,0.17517099142144996,3.1515696258531696,0.0,9.213590050119269,0
3.375966516343387,0.18277035565441477,3.967705915213001,3.377335029528342,6.357427231854281,0
3.2814404300871773,0.15114207357753823,5.87848653076005,2.936380134616622,7.924214336410621,0
3.736335337875491,0.12208733681887787,4.853703044470654,2.2611845412796288,6.973206638447877,0
2.961449145292948,0.034143404002670755,3.8555317555277218,2.6312243569717833,3.928194859790448,0
2.7573470823160657,0.0973747465730674,4.300374505380818,2.532022432272786,8.83075924501198,0
4.094901466608836,0.12529827767279328,7.719632471329891,1.6002294885569426,8.910292761899036,0
2.863638215126165,0.044297677491900334,10.395440261414352,1.7072420812275453,11.224623055807097,0
3.417846056032571,0.1165425652307789,5.840136028092213,2.3286440258048087,6.281791451899719,0
3.7737526006650306,0.09964775072597228,10.80007924314307,2.5308015836727296,9.067252849632952,0
3.335240308620606,0.1444576912393903,8.460508549344631,0.6929016556008676,9.373550978095329,0
2.913464087858065,0.02405445874549661,5.929180337408007,2.2262380886674213,6.800700977098137,0
0.26948089489015326,3.749611121217645,153.04362943536913,199.88091091379474,51.51307024532148,1
2.2220521768981865,0.09712411234972684,0.5866207838794457,2.006131450435227,4.86180195061355,0
2.381524644560959,0.0646187052588987,5.190947184489553,1.7520457926721105,10.14668035372709,0
2.841142451621883,0.24590867775300462,1.8921142141800815,1.8306711428849527,9.484577015156606,0
2.901825075457511,0.08063190177235945,7.59586926840575,3.5061472407749465,11.885154357661264,0
3.5632825147738787,0.12753987861368316,3.966568373742642,2.6769940973750543,5.267576818195548,0
2.4967287173601793,0.11230418076582045,7.279361710859232,2.672756787199422,8.339370181715502,0
2.6134951080722666,0.10655325931079244,3.719587415194227,2.3692637776499046,9.339768980431483,0
2.5478416874477956,0.04743450441803278,2.5927098804054896,1.848048876528014,8.041003458735338,0
2.4920890905108015,0.09970226453936354,4.915346363188311,1.5128328169708554,3.0,0
2.986242547474682,0.04799031400920511,6.829640141571256,0.6061823521257945,3.0,0
3.2757381376197614,0.08087738011653549,4.805683220606371,1.965427774514181,4.516471775233395,0
2.996964544230053,0.02579716675378324,3.122251946946194,1.1202826386154436,9.09505306087124,0
2.6980096870153853,0.16135172985244361,2.0344129764022987,2.791745274008722,8.412270759245208,0
2.641040554626199,0.0,5.623581503201242,1.7626877658047817,7.666320664612159,0
2.9834365135631016,0.06303142962704819,0.9582382472559523,2.318808339628256,5.453574452173205,0
2.559062674386141,0.25564551005219205,2.4946264880832945,3.1792631585792295,7.22888204007503,0
3.0907133100569855,0.1047310522334679,2.8695901794878536,2.679381373011906,8.051344630415224,0
3.297377170832643,0.14931882529529686,8.255666790984895,0.9688939467057367,6.8315418136158295,0
3.1519092978024377,0.09150738211611348,6.434421726667425,1.5355982185900892,6.285655252216588,0
3.338937659765454,0.08718595878742139,5.950856020952346,3.0995844643276698,7.890507208647569,0
2.148308780322423,0.03558461912682312,6.5160114429420455,2.8268386307091142,8.460919761255266,0
3.376670810552266,0.04214416906433646,2.270930634774997,1.4680684917079077,6.2818453672694865,0
2.7012449026541794,0.06974218821970013,3.099231453518562,1.2146820797367617,7.6118397353338105,0
3.2580891435574793,0.10346849013290348,3.9437367576383573,1.8212931154365042,10.215646564833602,0
0.01455778547300791,3.275614752378771,113.96763385456688,145.79619229617586,320.4936776176292,1
2.758628238908984,0.045392920328563346,5.9169967059277875,2.182914563620256,9.817526956248717,0
3.637437520639361,0.10188482865619615,2.6937007698844386,1.251188328976423,11.023346828370862,0
2.9504120681103085,0.0,7.880915504260004,3.8311771355658877,10.550494025843944,0
2.3871171684988295,0.12584732578741856,0.2857400049850991,1.6956551289460486,11.725519372760564,0
2.8792512770646104,0.08220129578070837,8.426622178656674,1.9299702231919555,5.934714603755884,0
3.644876377041373,0.022424387547053545,3.149673915440877,1.5700998947921132,9.50093972387019,0
3.05287689563574,0.0680707087427485,2.2596242611033315,0.6248506079596969,7.331586003867103,0
3.277802233001724,0.06721561402692783,3.322508494822375,2.2893389056429845,8.357430248671905,0
2.48674235029447,0.1112117372267646,3.1074607911584335,2.2269319438002477,8.81048005109829,0
2.824292882143134,0.061327207798328495,9.244521988476665,3.1263934497220656,9.748480338466484,0
3.686424237338265,0.11837552052703011,5.419946288964061,1.6096055328828576,6.783521703870921,0
2.6736880103488048,0.10433488497071984,8.492180457757811,2.603781469552959,8.46308213762761,0
2.29314275154751,0.12467801021671458,3.0301277876008856,2.400737253691613,10.252476376872767,0
3.519952343698038,0.20210348264639402,6.827406557160541,2.791497435972957,7.026828660598693,0
2.8876172990536584,0.07196195465100699,9.258367042393518,1.7846117111399233,6.849382783196413,0
2.9807457652496465,0.11498238439186742,0.43299704515476733,2.1243847669077143,6.04980228842612,0
4.474547212654363,0.047438998510874866,8.144611903025828,3.099463771395653,8.344117844732517,0
2.3951794906543973,0.15177217082084726,10.459315361937794,0.6482924679753534,7.532184029110211,0
3.8553066862909624,0.13507473909623574,6.845491952835741,0.5451078347106895,4.262051848346246,0
2.5981627160151346,0.021848284671437318,3.1155518007330723,0.5097524767009534,10.6203897121086,0
3.066484837073438,0.08267867469965502,6.29705814260102,0.28106958704615304,6.96065104359273,0
3.2717396893350466,0.11199288729246484,6.876753781025002,2.3566676072498467,5.790663287795787,0
2.6207523326499653,0.10115979892786875,0.625360658543749,1.8393467136339257,8.510656343490089,0
2.652643434455471,0.12495479080688748,4.392983279389737,1.4939107088081114,6.275386127672638,0
2.3086001345178317,0.08216634329100644,3.9257616614620434,3.6651423825437814,5.684574152117461,0
3.613834496236646,0.11169240128947992,7.157505999066311,2.0490947313056713,7.564098187512923,0
3.234633794904263,0.16275728941874518,1.6365979617262338,3.1138623979822206,7.067783600911641,0
2.8253416019409014,0.09750599229359412,5.730425231410311,2.336712295420611,7.896163282447878,0
2.6359985293854327,0.16550959540404486,5.764193412140628,2.358848072678919,8.626286046267065,0
3.121669724661346,0.036048463189010685,7.107599941801567,3.300625401055959,8.463056960435038,0
2.8764113087397014,0.001225611439143126,7.837664469663918,2.6621687539474994,10.600353053626279,0
4.205838337789211,0.08030066593784399,3.6651608273142413,3.7123046874375993,7.365543223557049,0
3.7965933133196987,0.19488835083729886,3.0363992870050702,0.7729859227114642,3.328138605889807,0
3.148060138532288,0.15208623320294257,1.5699830267484178,0.7371352462718221,10.690234347223576,0
3.5809391513040953,0.12073864453943955,6.798352058965111,1.6077703886559762,5.515160652335176,0
2.9073561705611457,0.03132985555151255,4.963869341120206,3.274653124038341,10.088772103753158,0
3.383040139192345,0.12052750426638084,7.219832154137949,1.612508685094566,12.211712688726653,0
3.181815941312484,0.0433084821596823,9.281985954784307,2.620500899099163,7.354902579546757,0
2.500807280405854,0.09497621397141474,5.035588037542353,2.3543093815188607,5.8328069106549245,0
17.900149244911624,4.717544534321861,148.83531995402285,69.49504422042769,233.13748770999118,1
3.1065983141188447,0.09249415243730967,5.221590303232641,2.8530151882434973,6.397559280374233,0
2.7639547111514364,0.16463726447591037,6.4030703115766565,1.7143134519077363,12.038398505422528,0
3.3481031824067093,0.07844372152124506,5.602096082866635,2.214982817454548,10.771150467882961,0
7.939161930361433,2.32030055241332,92.48514784332843,107.32106131457046,246.4840944023721,1
2.2990744686038598,0.08209853101265069,5.631101340622661,2.014108356253125,7.387209145826961,0
3.243250821913101,0.04616604362644933,5.734871279516012,1.7245176848209778,8.035939830032941,0
2.7449918005726266,0.1573220435200364,8.984498161871999,1.5485546096750664,6.406774860744043,0
3.148287772570381,0.06297549468339209,1.0166039795617072,3.4939281436421976,6.599764816369174,0
4.006135222850382,0.10291851454089479,0.6703976186426175,0.33879559481607746,8.10868058828375,0
3.600606961081972,0.14791929099210213,4.934429757673629,2.4700136612466617,5.794447252359362,0
2.1967768398712137,0.08193447190163548,2.3418792590648687,0.5910392532079607,6.159282767386149,0
2.118479922318633,0.15986234618226142,2.4168509835032737,2.896797332033235,7.074167241027346,0
4.289854668827159,0.12522416281915086,7.1803821392054115,0.8959743665276145,11.070243479625304,0
2.853016526167909,0.07306195813269523,4.354411029319459,2.34936355348238,8.657126230375031,0
2.8925394848556323,0.16800579500901563,10.70767461568868,2.28191802075105,8.385597585012537,0
3.6134666119421537,0.08844652612711598,10.039242146664588,2.7125044420921607,9.528316599863789,0
3.2107933053072277,0.08698454793642812,7.3074073379300994,1.1335522300476017,7.703141197871629,0
3.134563470622554,0.104141628525905,0.6682233587787296,2.687902082892398,3.0,0
3.544475298483683,0.05060633295496254,4.016580620370432,2.1808711114824324,10.670225335608194,0
2.8829900704465095,0.06169395846946646,2.7403886552270875,1.8920163139873898,7.0984310138130695,0
2.677440122697438,0.134636137755843,3.5079368857577204,2.7248293734858318,10.965665732771814,0
3.037047390209888,0.1444518561139946,4.021298886675921,0.5801228357290711,7.503497772277813,0
5.794942318750649,4.986234343181788,139.55507012324858,63.25352936287271,141.67510786873197,1
3.422578985592161,0.1134296790522149,9.028165584053557,0.5855369886336792,10.317130985644644,0
3.4355623517158462,0.0,4.420087320656091,2.5712242102362395,7.165469269355213,0
1.7878798698635292,0.055183367070396915,7.917331993754031,2.0375633513811118,4.228270764271581,0
3.3163909330531425,0.19601837510721307,4.1901443095245074,0.467401765402238,7.806692180763719,0
3.4776502791188766,0.0,2.040022916827669,2.906870534610285,11.883492244103405,0
2.6516140907852126,0.2248707563209927,8.362809537218737,0.38663176379506026,8.836182855013202,0
2.832107650354936,0.0751533987441011,1.7028823264044224,0.2988595257327582,5.099673665926597,0
3.126120198213339,0.05696354183023308,6.928566481888843,2.073886936124554,7.431720890622065,0
2.743393216764207,0.12596793728189443,4.52075450602524,2.4892118246643014,8.77204923741712,0
3.589862604180355,0.0849509843803389,0.19034946015771137,1.6079522173328855,6.269220989909546,0
2.666110221765557,0.11903890356825259,1.3267933788581847,1.6946908464814352,8.182960011955137,0
3.033495358612436,0.14262343217164752,3.924789273461334,3.289131835437445,9.199157255627506,0
2.9582810151048196,0.029447158446695917,2.4878576309525995,1.1656618134173373,8.59226717977121,0
3.447519157038058,0.07902826236707247,0.0,2.5080122910546,9.911876120356622,0
3.271649014518194,0.05151281401826628,2.468438367725302,2.055170637871464,8.21333931073409,0
2.699316178024393,0.16420478969740587,4.754316861282521,3.077293673015693,6.96406540156698,0
3.916278521739601,0.0,5.938596954472733,2.6455980789595457,11.535857333679067,0
3.0409977782067803,0.08369937520915754,7.179534867008181,2.903058166736933,11.071061546743765,0
3.5504798174992853,0.03547192890268906,5.941169548690722,0.9543050291220878,10.643761984319603,0
3.017076208744012,0.13494598425403945,3.834295338526391,2.783465648324735,3.8136439552176817,0
2.5544038872923562,0.08761237908801454,5.454222188216056,1.660911705473173,5.916226135045264,0
3.726630331660517,0.0990102827739646,0.34538773709561976,2.107525000430799,5.887459184503788,0
3.1002845986154712,0.11047350418238863,8.567679383767356,0.9113651569409613,8.110416017984667,0
3.029104359223,0.08138404735310387,4.103539732912387,0.0,6.303244392235723,0
2.1657079630612053,0.02918864721036772,3.404366749132014,2.9456334275676297,6.854827903746946,0
3.6484972732805545,0.13592087117358206,7.679565041621755,2.677637101924888,8.922456522997596,0
3.2862913906780795,0.11803239457178975,6.1962912932744425,2.6443884535381823,5.538043006389481,0
3.033764102343962,0.07942866964419988,12.47655199580206,0.9643959439546057,9.093179451377278,0
2.6345218621422632,0.162880952817968,4.330922956200793,1.8650097720229386,14.280845820204474,0
3.311103572021701,0.030402080952413438,4.68961163045923,1.9382239377294392,5.017544337219075,0
3.6803292979193256,0.09070377595256147,0.0,2.763142300709657,6.224074126796757,0
2.688650240089703,0.08559805630389619,4.0547542162732295,2.8917005810695753,6.774898195291876,0
3.088850500466627,0.0924839769864064,8.60579500861863,1.542323007011567,10.281791954300548,0
3.7993235852523584,0.04399762887650639,4.638238434579591,1.312215705174569,5.431256048981602,0
2.684211135417334,0.029759152803624664,6.736729454207403,2.0853439555205098,7.024910887186815,0
3.220007225026666,0.10300429973075818,7.636891919211953,2.0599097740795034,10.267376996197019,0
2.242404468900724,0.10261292452487417,5.388104020111456,0.14170851177489263,8.634725266510722,0
3.317360734280885,0.13331348360217615,3.0288942889480284,1.5785170028336373,6.142527368934431,0
3.7234889421768664,0.05717508812954006,2.487782824053526,2.385212652259354,8.340885997442726,0
3.294289202210305,0.042179209162807166,2.4183037885583394,1.2912217972785018,10.6350816380348,0
2.976539710560408,0.12860031391502366,8.61745526214813,1.5590978113891445,8.563868606410324,0
2.948389123533752,0.032946764334921566,7.987081263111087,3.007117823412373,6.510487686431222,0
3.8988432634247614,0.0,7.307094966326826,0.001655032855373939,7.843781979774421,0
2.7733757954884934,0.10422592379076637,6.321061981633741,0.0,6.664116659080991,0
2.807489094143568,0.0,4.795141376707128,1.8191925549127739,10.602259704357145,0
2.9200307350182864,0.10385782481088585,7.203430235003653,2.168230541183694,7.605289689330672,0
3.1287751953613823,0.12253017064312695,6.6026235871240235,3.532380382587622,8.222446669681716,0
2.6611275147375744,0.1636285081464285,0.7732426919284263,4.148706293937051,9.82350024794453,0
3.5714114072575103,0.1524353563208282,6.655892777995483,1.9168282280653806,6.4816329076649914,0
2.44756860346874,0.13061661070012562,0.004624111087866645,3.232204237413911,9.471361527519466,0
3.4639200640406185,0.1304452678127316,0.0,1.8053363049753202,9.952995405545778,0
2.459468336200051,0.16090973558771282,4.286578887722181,4.53036966864169,7.293759639995107,0
3.214153548603824,0.18081500213609583,3.3422919616434426,2.226292267243436,7.052234260428562,0
2.0590754772511803,0.10378474700025468,3.656367065204125,0.8757999030530219,8.203215437380022,0
2.975673824214774,0.1842262417301726,8.728587688574944,0.5791060147765568,9.079447359476614,0
3.14128997524415,0.13479319195468928,5.881848163829487,2.1794141710488413,10.33458143476756,0
2.884532734895661,0.13914368674742864,8.318694676579906,2.3149718715553322,4.409741606760264,0
3.2790697572592533,0.026716307132895245,7.654527748403476,1.8839291898795165,9.264046447234042,0
2.3438904032842967,0.06274161148413249,0.7997862967947835,0.7674109358310848,6.4540531316667575,0
3.035783118609696,0.15341896668470084,4.352638621015341,2.876605879842179,5.673994284433112,0
2.8033305938363196,0.09349698532231901,5.165008808100124,2.36992561300439,7.799944282117329,0
3.682070214986922,0.12855897031096045,0.5624119449267004,2.3070030600053615,9.177663903083895,0
2.289094666629078,0.09423878837239012,3.8734998797732874,2.1207902325011103,4.989868286192591,0
3.2761499688397615,0.013486863475782748,6.154899248142903,1.9024061098455858,7.124355754276696,0
3.2238542800086574,0.10932080848720233,5.291467361258743,2.4259109671014114,5.457431501771795,0
2.993081126952881,0.07944875317484135,8.799983759595236,1.1861863580710708,8.910151151440742,0
3.6778189294024752,0.10003414094787413,6.265150799009291,1.6203755033231662,7.306272024150779,0
2.3259072889471435,0.018098547128199166,6.000109553782634,2.1030782215308483,6.077056372978987,0
3.29427663488536,0.186558481588365,7.839731010720159,0.27378603804211044,6.164768021787336,0
3.1276918778371585,0.1373490420052355,5.625475911726742,3.6049345017539016,7.492719092214996,0
2.4483166969130634,0.17545655067022753,7.590311840569636,1.4133054112381274,6.676129640165144,0
2.9803463561861845,0.11658238335628815,6.591107566996397,3.483890153767762,5.858491247322995,0
2.3502093815362013,0.02342323423781785,11.156219934265804,1.229382049874661,8.749815372601551,0
3.084680412018039,0.09700869282350483,4.55858148555768,2.7636681497189954,10.313607897826945,0
3.22230133411007,0.1193685740316495,6.864040219907307,2.9492964983753156,8.904992912205365,0
2.3804464621730497,0.0653824612883103,0.14848432986336668,1.4620560336668595,3.2160362208877196,0
2.1932193010616294,0.10676691739461455,0.0,1.4346500474989057,8.132282230298003,0
3.238520413611561,0.0647635782194558,2.1896142951218516,0.8835491448159525,8.912996070501292,0
5.740435235462108,1.6534645654883713,167.64084885794819,173.85532087942372,272.109847402482,1
3.8773970909921824,0.16761013394335722,5.097188641050736,2.9926281029794293,5.333565892098008,0
2.358503887905715,0.09275477104592844,8.539826390115392,2.4592041815995294,8.920395362460082,0
3.542991058087516,0.0,0.705935458836719,1.2915118984709089,9.484419924853,0
3.4511385868933235,0.14693200113394725,1.6244065167868302,2.9859483833147213,7.9376792703970445,0
3.536815874929886,0.19277516573971315,5.772119319252048,0.9703890289105994,5.728805468948952,0
2.8702266612080414,0.12589973881957262,9.314507603437105,0.02161508342691576,6.667473227278418,0
2.4548004612785768,0.10422525728464313,4.823501437605433,1.6279356746686742,10.306339396909689,0
2.694115454547357,0.0987883583065154,8.120173672380169,0.4277694559218703,7.175677709903573,0
2.91368635002959,0.14662174354773339,7.393925763745716,1.1717062396516011,5.3177399346885785,0
4.049860894583258,0.07430496866755784,4.337813729124901,2.641879061477769,9.532911919699417,0
3.4824258165487287,0.14968911072652197,1.039768436788095,1.1492172513718466,5.690726102230544,0
3.3113556119501344,0.14266007725257773,9.385151048771355,2.2424501806358195,8.44719890889181,0
0.19064490466394646,3.186618101201196,168.27368389822448,117.09360291363255,276.36326635851526,1
2.2145619239657504,0.07517341322590156,5.256784111833577,1.1651700894533268,7.737639691470319,0
2.6019870715982556,0.0025314122338788436,4.040521166333731,1.5171222807088651,9.490373763787655,0
3.0640522074553944,0.08014023419270062,1.8019034851169584,1.0874118018223733,7.625851460154559,0
2.734392852696201,0.1621702898593581,5.887799721038286,2.4213602543067085,6.831013134411203,0
3.268326376263643,0.15359649326058988,6.72212579265209,1.9214116070856433,6.044491197915903,0
3.1606786077251368,0.08784694005595668,4.776964010724427,2.324345711194924,7.952764041163087,0
3.115350452859342,0.07353994950942436,0.4403216011430455,0.0,7.018808516193137,0
4.028747734855849,0.16456369195079396,1.8423584243896691,2.884442437381738,9.466696014356362,0
3.660652016136506,0.04633359838885523,3.5608433097015917,0.0,11.401943038833,0
2.4563770305685986,0.07950993781032335,1.6283647846232174,2.7082662196574,11.016165700288042,0
2.9264989991857555,0.1209852804178633,4.847597634141399,2.086761075462647,5.376526615509751,0
3.3022576631776834,0.04607436293177014,6.924624934808036,1.9185440122221207,11.419526503329147,0
2.987902196804542,0.0711790211832578,2.5834199524684385,2.0953502743327785,8.734638775698393,0
2.6183569479107094,0.11467687649843203,6.811139721632589,1.67426110681738,11.55007404225493,0
2.5255417395875814,0.12654471571079748,4.153278224230314,1.16871210451811,9.006178506673326,0
2.444271021531484,0.1136505358747193,4.574873834894527,3.325004654945639,10.116272225134843,0
2.9642003740709666,0.08725265147982053,8.430194321448658,2.3420994815573817,7.548036909311875,0
3.5485763558768477,0.18374298364570324,5.997130500558829,1.543300855306487,7.508361746577885,0
3.7887266398817374,0.057752928070325185,8.49012816549065,2.7958638123412265,13.68518745602092,0
3.0933833822385393,0.0,2.1361456941498194,1.8820189053926222,11.945159808893864,0
3.2814846183452855,0.10255989509405428,0.889920117906712,0.9752492499236098,6.0411685235696915,0
3.2470150931413695,0.1230135812491152,8.150147124660279,1.3289851543375464,8.477132252284152,0
2.4483958171391587,0.05778379814084645,1.487225318577639,1.4980080398187954,5.885497075959793,0
2.8061492200320077,0.06357691891598286,8.091979424724679,1.9702335116635983,8.582748912477168,0
2.8932764241440765,0.09315022552787709,2.8370896745903114,1.668135138178021,5.288916277671747,0
2.5566595388582716,0.06511405480508775,2.4575783283048063,0.0,11.075709902652964,0
2.766981749065879,0.13712294567963101,3.413004757390619,0.37702503799643594,8.879339444546048,0
3.4826987422955855,0.041053825435083735,7.842535725726702,1.3024580575248854,7.777291195228978,0
2.7837209060901897,0.10615391008280907,8.336301857664015,2.7339504783642385,7.984582697035512,0
0.25584183332727056,4.066268493534936,153.4115301064419,123.81959016016864,479.1005630240443,1
3.356499215086194,0.05747323606264781,5.429918915000011,2.9919263098869546,11.173799314066182,0
2.13014311061095,0.11592605023994373,5.351372648449554,3.7816847864668515,10.300273607359232,0
3.416764480804462,0.11053342326015554,2.7889119165419087,2.994378730992046,8.19379575206863,0
2.585502494538964,0.11692764381429571,4.335200916844882,2.42124737869098,8.4541261062883,0
3.545753425961231,0.11693436589608451,7.107979995497917,2.2687757891486413,4.755358773412469,0
2.5403077042067883,0.07493829461048937,6.802199045436775,0.9132891886152728,6.826314640951628,0
3.1073565915852632,0.1083327908679922,4.0996136395154,2.30124248009139,9.208049693899106,0
3.296778361140431,0.17643739252704543,9.79219187966487,2.3775547328379103,7.491251165946876,0
0.18901566064488853,1.623966406483023,85.81530279898502,123.29469310288037,487.81656968400483,1
3.6361767500533837,0.1811628345264027,9.107283748288554,1.715489695660778,7.361983939054293,0
2.71209087967766,0.0890673361282482,3.009691528341536,1.9057309292350992,9.535018163634595,0
3.2691480395248167,0.16848505538270925,3.715045226606733,3.056288483746123,6.176435424662716,0
2.9785883093442127,0.06230689431545193,10.807583077041814,4.333016418252688,10.444804323301005,0
2.502825312695744,0.07052738000306408,6.016927681004784,1.9249729996031992,11.203797583179963,0
2.6267108267298807,0.0917879007483984,9.705556956417663,2.727122481485493,9.71670246601078,0
21.988098771153766,2.45123175416919,165.95286211130565,51.02761145145446,95.07695324064495,1
2.848977250255068,0.08290890898769322,5.307624319452567,1.7132783051799372,9.15312224101799,0
3.0411419946377123,0.0801160153192698,4.992893251601576,0.9106573622878937,5.743297324978444,0
3.793008408072676,0.0,7.759614547863291,1.1567016887150476,9.312232403720541,0
3.739972069445013,0.08932716103247809,2.2800543645371216,1.954955881989076,8.246915112338286,0
3.438681145287836,0.07258998509166137,11.273282818197432,0.22401775303810734,5.080426656164002,0
3.1836436567006703,0.1796334999141442,6.117944559440165,0.0,8.564001085109021,0
4.3465168319902485,0.08808831624721913,1.5388810291089081,2.0341438933402123,9.485806610867197,0
3.4764372736014693,0.16404697883333638,11.952910366021635,1.8783113143127304,5.025691528580458,0
3.2854452553465836,0.15917468334449641,7.9515570308184405,0.5487737010988416,5.228146668059507,0
3.184821096099047,0.0813365877029343,1.4783800210819136,2.5487004763949,6.400514223778936,0
3.025443850928009,0.12682069499456716,2.797514401636958,3.4706619906522893,6.86665881407712,0
2.09900978120999,0.10237467341258215,5.37937765718207,0.4750150598559404,8.932133496557208,0
3.758197027626786,0.1268884095184242,9.803222918493178,1.477479070590363,10.702177892674005,0
3.340108052725225,0.15955429273867386,0.0,2.3162737802597135,8.667890095998079,0
2.000899657733946,0.07050526217685546,4.808764143488101,2.305085404706753,6.641556125563799,0
2.552465078861698,0.05387935075780234,0.8019735024536878,1.4087843807576261,10.419062802272537,0
0.032359301533272745,3.2313389877957017,138.10383241712435,79.5493940965473,291.7635224015024,1
3.0134429194972654,0.061269251499070906,4.826148374711847,1.2291863693859106,8.910351339737648,0
3.738765040527631,0.09652338568788654,3.5030382320626643,0.8689313700650287,11.33559586600903,0
4.01180310961482,0.09375565573249664,7.271096195161933,1.6382830121827354,4.787082197919172,0
3.0566352052688823,0.07731818062041587,2.5931844981964387,1.5788697651989159,10.876391170417497,0
2.950705933857869,0.14617543080236844,5.573372701509177,1.4472090824548198,8.459286111135594,0
3.1732442379489965,0.10361394826921445,0.7787384156479495,1.4168342827440437,8.078711509988391,0
2.5909005582888462,0.020820580510620995,7.260252420263278,2.7777350472478544,9.534125378979404,0
2.497929616623966,0.15180438255231282,1.5440073572625708,1.5446575768546875,7.67742913267771,0
3.36381477181849,0.09432596770589295,0.6184973017445365,0.0,8.902645649486823,0
2.8817223563905268,0.13012901339891705,3.9277548554879003,2.396627939221457,6.99648447766056,0
2.984470533564549,0.16355326630035166,6.389904530702692,1.6435728794749214,9.228211610579368,0
3.4263868375611097,0.12126606541650553,6.184873910969921,3.8105224784209932,4.421909691507356,0
3.287602508053283,0.0751019076591079,6.1645573869642005,1.025547452389704,10.171343818367276,0
3.6874382095740925,0.14687387462534626,3.4727185840652917,1.334954081996888,8.111260247531577,0
2.951643444064804,0.03420920917862465,9.28628048611031,2.6779699708965286,9.73806255106168,0
2.0186871541637106,0.10100532334345493,7.706273934764804,1.199824701335896,11.78168084007833,0
2.679256545477845,0.05767828492705107,11.619406939654016,2.4838411250264616,8.201525645803198,0
3.2286402023076204,0.11951830971976879,7.081118337608556,2.2174734830142246,10.597082659538167,0
3.106989955367111,0.15117653220926724,6.797309995590783,2.25893042822569,7.676270469284539,0
3.7653754161718487,0.13406811632876528,13.829145005805865,1.2251978218644708,6.343193556503498,0
3.5620563599930066,0.16892348137307522,2.0364022695806843,2.7524833770742188,9.760972920448262,0
2.464071383479922,0.04391244485720561,8.487721004563522,2.186068432470547,9.838816857507295,0
3.1979017667187044,0.10906255813010253,6.196976472505087,2.636870158395403,11.1596139148031,0
3.848228184145019,0.10197235241203698,4.128638251316633,0.9248969518832444,9.566608474177427,0
2.4570874355574075,0.13916793552620157,6.134138781283649,2.7756752996156893,9.02283051004376,0
0.28115686466275636,3.260739622175908,157.73731292105487,133.19985872596737,363.1525931585204,1
2.7459299011763445,0.09914969627580845,0.0,2.2208417702903525,10.745499332497747,0
3.116024968678818,0.18142342773861608,5.2270206218401585,1.838232718834331,9.70007279037914,0
2.2957693518182203,0.058153964810186004,0.800955485801941,2.0065486578045393,6.461675362715699,0
3.3409457448131556,0.09679611179256417,5.540884641510333,2.5444598695274623,8.271036005583591,0
2.735119898116481,0.0024449067980687605,5.792764290822017,1.8688886613195173,10.471886404456207,0
3.187028284923786,0.045418741392044874,7.900421312751633,1.2315644830965071,7.155598630390512,0
2.482378838790313,0.0811849637537502,7.987921036539337,2.0523727687275684,7.383704741093725,0
2.5165119284353934,0.25760283672560425,4.16933193269359,2.5259372802546505,6.191409626696821,0
2.9635855436715635,0.14468488446945554,8.501362364009893,2.391698016010473,7.148150801364868,0
2.8575622533151646,0.03485776182376274,0.8681135321837008,1.3349681096960748,7.193370465356585,0
2.9097600432046873,0.10279319699222486,9.51518611582499,2.18178123258716,12.970627849067373,0
3.7567248716210653,0.07912848090052839,10.348716800195433,0.8716584297342171,8.906548084266351,0
3.236796215317591,0.1747469113726618,5.104422621499497,2.273911086847179,8.738104097179937,0
3.4660957821301923,0.09384317823238662,1.5111830394412609,3.384871093794044,7.886987750681584,0
3.4770008817466014,0.18336120557755686,3.570345730342276,3.2131791883915897,3.67767579285658,0
3.098260584850735,0.10246541657601113,6.496649584304638,2.6884959745615666,6.124093182310215,0
3.0627882267357713,0.11558264280023892,0.0,1.1748341002544622,8.030067851083581,0
3.1110668858168564,0.10173568743762809,2.2690269742151483,2.157346567673078,7.579284792446177,0
26.45159470315583,4.730056110707617,163.94033438945056,75.23491509772143,362.0286618226406,1
18.95804172716687,3.32975006567996,156.24196216457233,95.28255505362132,142.01687761276082,1
2.6474940721207956,0.09541469879274371,3.246797070211907,1.5642891676152628,8.959021125882607,0
3.02488684359048,0.05992362049477293,0.9414023331078836,1.2756363681965392,6.9562689668965065,0
2.9071705116680913,0.08335697978087445,7.167340955662938,2.0375530766605627,5.346244881265955,0
3.897278931758894,0.15959496672067866,2.3036005692684873,1.9790789626169232,5.364400495782053,0
3.601942218584408,0.15185794493291216,8.408574123927627,0.9418535687055885,9.119323140648737,0
3.5112852160048202,0.07836130582058057,2.772840888707796,0.0,6.191198995338261,0
2.714626853125262,0.0924350389883739,10.080641400241017,2.591668049693131,4.376720305763225,0
2.5610087066217195,0.14364121755028175,0.4232848758167487,0.7022716243187674,6.950662438869271,0
3.088410436069699,0.0801338373724319,8.49497264769177,1.2836057062992539,5.406174773456035,0
6.07972378248102,4.702695054216541,133.46667548928824,85.7950486571418,230.80336032324152,1
3.0429465031466654,0.1252290907238695,2.2178809829121993,1.6901550986359268,9.898514603705818,0
18.008967426637298,4.995429885606551,170.2106465718313,199.42215504933478,278.47893380550715,1
3.6910794955187636,0.08034736214692996,2.877343144117681,1.863577849722384,7.30306761727604,0
3.3310653372605232,0.10150157395820411,5.557512886708259,2.1064939802900917,7.058300339755432,0
1.980937732411073,0.11145373441028514,9.425337092929567,1.0135595009007534,9.066650061228696,0
3.897605677956161,0.16168621391680965,13.094986507811264,0.9269086716373847,6.757336552956041,0
3.4408198784747253,0.020120041520228393,8.96298736862213,2.268850786400992,9.872307188256421,0
2.395152628579446,0.1849717991504355,0.8730977336409147,2.5161630229264693,8.110793823566668,0
2.8324311094142742,0.1289673379878388,5.621418310335706,1.6600162776484808,8.860178312343505,0
2.530332303090623,0.07022325324080704,8.534758542644006,2.138635028530451,3.28307171558507,0
2.2147496981884114,0.07075461732911151,2.2069948651026756,2.6188603301446354,8.323026998476815,0
1.5638688933591753,0.1383121487520255,4.067187450946719,3.8685271880730907,7.265955162736747,0
3.3505863711554493,0.10021149294970759,9.059207480499222,0.7039513071760717,7.711024317111141,0
3.400204762613841,0.0,8.627691941671813,1.9026540311072673,5.417088871026071,0
2.9135269700382884,0.012888915368236248,5.626560627602995,1.2257300775959452,7.550159538128956,0
2.9279562221391924,0.1450266538665796,6.224407738335069,2.4981119956445417,10.55774752940075,0
2.8104361295062565,0.007905111352107128,7.064615919358648,3.6857017540349712,4.539555747709029,0
0.1226434237176946,3.3965833382043837,147.74346844463005,101.20801258182802,312.80863094053063,1
2.6792592023885238,0.10962984593656526,5.9742747186006255,2.624817823053875,6.1259860375077855,0
2.570821109909393,0.1138679230982338,11.192660404557232,1.8733359726523366,9.17360370147131,0
18.960446903498184,2.105393336110763,112.92757292224576,62.656599684229946,376.8091648283169,1
3.5867369287426625,0.11115765273738486,13.376626603729884,1.4583792366908126,7.8738048940913075,0
2.2416787252896047,0.040172103569165674,7.158798492874674,1.0244670643853682,8.449198953416518,0
2.9601793043771423,0.08871718096438742,3.6722321216775313,3.069283706395183,4.973441061684456,0
2.1118768332667743,0.10683733236996154,0.0,1.4378376580652728,6.67702422943696,0
2.712181086881113,0.11610411553834928,7.459219151774285,0.5805668034549902,10.320165024797227,0
2.5094172344301593,0.1299788770622678,0.0,1.6532501089917573,7.207832067841462,0
0.28304976891117806,1.6521393976330019,119.836128626674,95.51853014806332,159.1731576290535,1
3.5247763576596673,0.07558630787742276,9.039714987830887,1.1523727875031158,9.299162663292346,0
2.9867430622753917,0.08584305516281165,1.2042247727443547,2.540017801723141,9.52678615916394,0
2.180257918737283,0.1622282580177628,6.4292905001513745,1.3588883458472303,6.503856391356665,0
3.406262911197099,0.02427648454096165,5.540213113087944,2.4563559731326965,9.346857625507386,0
2.8882686073370745,0.06099004354412687,4.816707475982396,1.8288206302036005,9.02704273850947,0
3.3052928726419117,0.041388312328168,4.203222100212766,2.3232471875335623,6.638467106841946,0
3.0571138243310196,0.2621546484797367,8.145199663440623,2.258887515712706,7.772836263538423,0
3.4519674205430975,0.0,4.694040036218966,2.835333435364835,10.464567659021663,0
3.913004856773468,0.06117504297534999,6.191140009647199,1.8533682259563977,9.118710819430872,0
3.0346721685181253,0.1155745429398895,4.886938637773286,1.789465059647008,8.492235412753168,0
2.7205390763642057,0.14801523981407352,5.063278243551761,1.1656263877048785,10.693346002802292,0
3.129941397124212,0.12161314753170778,6.7722330065309775,1.5709627519073344,7.294813805871185,0
3.075209452571788,0.18148210655563995,8.183768775536354,1.718796404597233,13.359257387800007,0
2.3744432118073484,0.11663037551620989,8.382050268066456,2.6149612320467748,7.733219355776755,0
2.191844695781706,0.1478919815554134,0.0,0.0,9.644684597375104,0
2.9752681451737835,0.06928384279518529,3.0913288620442105,0.8931297084659433,6.313795390674262,0
3.24193832559402,0.16140151048040677,5.406286504159871,0.9847076257501841,7.25548695974859,0
3.162083176244221,0.15609289281152355,7.871914467780593,1.5361455704940543,10.337445588462472,0
3.2953274153461547,0.10715243849394762,3.100181885869182,2.255977146418771,8.241540931102723,0
3.028506562448542,0.11310334045433629,7.346082162722382,3.2724283828165954,3.9231069502356544,0
2.8175236352285573,0.16277018047299482,1.5974865641666285,2.01342048538846,6.752319502625479,0
2.1725716640671155,0.1133409198147701,3.8191652539009704,0.593280567440442,10.77391978054656,0
3.43480296005283,0.2024906047892963,7.737860967621321,2.1902232218448936,7.266564662847934,0
1.9662789499800617,0.107049134980603,0.8499776690851686,1.0278377820566749,6.741600786059353,0
2.8867605540492365,0.09603057877971487,7.5656045232447875,3.009585967891194,4.987834179195863,0
2.791902797557373,0.09119332482245109,7.202319007421746,2.5432569649742733,9.020133186342132,0
3.5633525684137917,0.09818346959788292,7.430780133126001,1.205340815854196,8.581826803184663,0
2.8779216823546756,0.09445937198604563,3.828773785158587,0.9476705303968047,7.6945401100396875,0
3.344853902622597,0.07294965671085504,1.065352586303955,2.427376045470797,10.42596785709874,0
2.7099733793149783,0.0685672847462715,8.021913072419787,3.917287968605754,8.941737718750762,0
2.392905693606134,0.12375838732476908,0.7618227232983319,2.3619142707305265,8.548936671273129,0
4.222875989808413,0.1346427877908906,7.3024380336623915,1.5496318087433318,8.150818257849332,0
2.293848149332354,0.12758703999554602,7.891776269166713,2.6658778237063903,8.42545224238357,0
2.533366020463402,0.10162035066700682,3.5919606007198666,2.538211605492257,3.4949329704327017,0
12.217764390572139,4.30740756507015,118.15388424735465,174.9250414595114,385.61047194470484,1
3.3164659088777553,0.09023048244114881,7.695535113654693,4.054092441435975,5.1998869256732405,0
2.749121478207732,0.11549994915827776,4.000887142838715,1.5959046881676002,11.116589913544896,0
2.242576387657068,0.19148101008580437,8.835725503818123,3.610292980482871,6.183866058480069,0
3.8475255202153766,0.05125967120385791,4.3869328200630555,3.5783426774972855,4.041340610007197,0
3.8979388365477607,0.08921952107159889,5.770252395985363,0.9268097259329506,5.090877189510551,0
2.6813461264856024,0.06822294505922216,8.173882141516378,3.675636293845562,8.65366441896704,0
3.2527350795833136,0.12692174786082264,7.356036809030849,2.9905668274427892,4.567004845712268,0
14.33254314017972,4.002046437370849,87.5601588894679,79.70876390528728,358.8062126521181,1
2.765262807032524,0.15413455269435367,8.420203539485481,2.3051508358749726,7.263883435712638,0
2.351584026022077,0.13401151042088147,7.36461242239156,1.4168771686757018,8.679057574808432,0
3.6960011431722997,0.07453933187004327,3.923124844461759,2.2239949689010485,5.756063760101169,0
2.7868212018972285,0.09916948288370456,1.0610944101581814,3.281383398123635,4.312494082414741,0
3.0952498398895334,0.15921283225980865,8.535257952691161,2.748936113805927,9.641817042338214,0
7.949841807725521,1.6578884843213786,116.90297563825979,89.17513548278612,395.4539448667756,1
2.6822210792977983,0.17209712009763006,5.992351419614708,0.7487720846223243,9.367236623872666,0
3.535075119158214,0.0975517484570775,11.629566997245393,2.241409116370047,9.236578606621416,0
3.1711689172448105,0.17060134392716247,4.282180558544446,3.9529445539995067,6.392350703514509,0
2.336976156958981,0.0,2.2152024840320124,2.9758368916238176,11.894656973808566,0
3.406758608684835,0.12367359495176143,5.131486398381285,1.3889988759103709,6.176813246827708,0
3.445191581759893,0.06141295927016088,8.094141575831992,0.5750288281845879,6.129834327144906,0
2.897764389506939,0.05117999756681013,4.068809588732092,0.3443606398299175,5.910149930755496,0
3.202147377480849,0.06104902892400072,10.155091987291627,1.4262968557073483,7.837440903972828,0
3.1326811746998144,0.13718258877700867,2.3556988843190134,3.2710300994311403,7.895104600701762,0
3.443645418633371,0.0989377610361879,3.856586909979743,1.8588503276571944,6.106399811637337,0
2.3111653160214543,0.052384180963060155,1.513802539231151,0.8791030262318407,10.96247318324719,0
2.5459879622393946,0.07744205707955007,4.557979320135481,1.805508515135224,9.276368081456425,0
3.000263979428299,0.050320524220298195,2.9079073162514875,2.8889877491836433,6.562914586441919,0
2.6749987095882704,0.09929505170466643,5.8515337019082105,2.3720814786673863,9.513454005706857,0
2.898903673783053,0.09998431636941127,5.086326692242996,3.032389398126397,11.793777495744163,0
1.7641777499363553,0.1688248225009769,5.247325299904527,3.4086194934459195,6.69841268986308,0
3.2423664086472375,0.022753132666162065,8.21878884352204,3.2149441068549693,6.50398102679893,0
2.734501522499091,0.0283424092737644,2.0192209882056558,2.685656392513711,5.759829734948931,0
3.77496720250877,0.12215010652236877,1.5585214669648657,1.468588598861575,8.868136974366355,0
3.618046587605219,0.14647049923954078,2.4971859707961035,2.505261343174202,8.067741098870489,0
2.622862074990321,0.1899362509175656,6.874710783962129,0.0,7.011004052370045,0
3.553540334643486,0.06958246176603312,5.998157988755564,3.1747618002330382,6.754538837992504,0
3.1400805794098035,0.07629109124480177,6.425775814151935,3.0813169577685366,5.3113079903388964,0
2.9477753907312643,0.1259435590220061,7.128232941759816,2.9719303434406337,7.8554146805710285,0
2.7278086377374087,0.006512915015228965,4.046717317947812,2.047298743128728,9.932294024818592,0
3.475211919093025,0.14308180622489722,7.5275416893650124,3.027151035893151,6.906903407527049,0
2.8847376874098747,0.07409654902624717,5.397793016078303,3.027959002257798,7.807277428823554,0
3.1038438435815556,0.07937930908917598,3.638325751540615,2.3353172563973077,11.496271145048569,0
24.281168191746556,2.191590846943778,96.05868707231258,34.15043351977776,221.8696051411339,1
2.510813611192484,0.05859018635173827,2.348393314577812,3.15658165159424,9.141169400239718,0
2.69329866822953,0.016945829221641368,4.890259880369463,1.1783191736949776,7.6159974594771604,0
2.637128093423267,0.09092484189321665,2.233433283705118,2.6509656787794413,7.970111841157851,0
2.812589596225201,0.11323876554889899,2.223823227071132,0.4764021893318333,7.719644140349312,0
2.4482053413921143,0.0828560569221218,2.8270923973769997,3.118338136793128,8.46844082719912,0
3.3431300951872567,0.16852680719983568,4.73874582157055,2.938957178234851,9.886386606955588,0
3.15958725520959,0.0,4.826490162867219,0.2579175422940361,9.636627472639924,0
3.6234458577673596,0.09454882900182682,1.7557598577821385,3.68076571338819,8.897161758503694,0
2.8064346751052427,0.10670832079979219,6.251285973269738,0.0,8.010170792256469,0
3.5187699721289496,0.16296166198933995,0.0,2.103117925717205,10.934751976655356,0
3.3067589863652085,0.17992690560481708,1.529175808311586,0.2953780418228842,6.826058027959073,0
4.310396545514988,0.05100372126088778,4.5653997345617165,1.4088531700743894,7.023974393655828,0
2.5253005555840287,0.06538748353670518,0.0,1.542315438320922,4.518598787239329,0
2.834345808408339,0.10827018301498521,10.68544583632691,2.5918011911450156,9.59336832018324,0
2.882923312638332,0.1278276562266879,4.357549067866434,1.8445775674722402,8.031817316799263,0
2.856276240299822,0.10187709207434108,1.8274559891197057,0.2898248986082057,7.73169334601519,0
3.1537033489045503,0.010942079276718336,5.119141465158904,1.577504104567566,6.684203022850518,0
2.756385717943224,0.22939544867653425,8.173403022625756,1.5007980017240699,9.895641552824934,0
3.003399922279999,0.10078488979788792,4.242125393592089,2.1786697752190722,7.0233844265770164,0
2.58620488967564,0.07701716138635016,6.189100869402052,2.398712801790344,6.591279351558237,0
2.036163710327195,0.08673812297648989,5.802426166694183,2.662306896647968,8.647510134462987,0
1.8185337822290808,0.0995943399194125,9.34083243916094,2.3360754125053464,8.077831656034661,0
2.7368760717412894,0.06313100482510207,6.016274486841098,1.8793569658701652,7.7000674176582775,0
2.697069589620553,0.19799186273723376,4.034741888029375,2.0151232615845536,6.282311443402081,0
3.529212243424794,0.1222099163645336,9.058401604690175,0.020981306510287734,7.521089812468833,0
2.296268112811722,0.17952910363089253,8.818144201913794,2.7497666284891853,7.909911043089693,0
2.7279429989429036,0.07596760292558793,2.109810976404293,1.1483827598132919,6.424897118742587,0
2.5043038252718466,0.09697981354015459,7.059703240259529,2.0342046845380755,9.584274798290938,0
2.6646898954616773,0.21718270264063125,2.4347135767723853,1.2303335909886115,8.513370461782957,0
3.0480603884704918,0.03913586538897604,0.0,4.305636837367189,7.544231423236188,0
2.574296782869843,0.02485646956588053,8.386542462648169,1.7163137790728271,9.877222157250987,0
1.7805914208617855,0.10156979327663883,8.493235221605811,1.702050635186777,9.339736075809643,0
2.9372728699985498,0.1597765694043355,3.703096442571377,1.9599627924789007,7.672148046488968,0
2.893278564534896,0.13773666490339048,12.107861902434491,3.895507345991355,8.977691779625976,0
3.3252250462680695,0.13481614310401618,4.43831803547936,1.699430609414751,11.372013899540889,0
3.957015676933393,0.1115921046067424,6.061311892674168,3.313473161325237,6.024283852735518,0
2.7268777758737586,0.11135172394324445,5.918403659308266,2.4998216359738095,6.956088869048207,0
2.898209819948819,0.14460337998658604,3.669179509377842,1.3537576758534056,6.4464521816258795,0
3.3033615295680914,0.09354829424351081,0.7274971994372024,1.7529205631922806,5.6809288990990225,0
3.481939558397455,0.11382907527955244,5.48194982105935,1.467163731220076,6.827429900895696,0
3.305838144420434,0.060812323943778585,7.5632060033621595,1.664833026773615,6.679704265327048,0
3.275026049512276,0.07916873471922688,4.150544345360373,2.2335950812615764,9.712919626297573,0
2.668549541224526,0.0,9.468798228342948,0.4924470553665792,8.057131525555173,0
2.620433669223151,0.15529502121786545,6.3183580713739715,1.276831561170607,7.209866187745582,0
2.248428523440947,0.0982496194996882,2.9916892590995285,2.063702359765771,10.097588879342482,0
2.224668284466934,0.09553829228892756,5.905882700515294,3.2205506039312324,11.919367963911766,0
3.173224104748488,0.0815396399776277,2.3488425779268116,2.2321945046423277,7.474319001075213,0
3.387317026714668,0.17181677028529893,4.0059431027364525,1.7484480998158636,9.426051700865898,0
2.18476337814243,0.025262192677517795,6.67948534648418,0.7991810001649595,7.683360774809243,0
3.8425071393542547,0.10215204354251939,4.607598218819133,4.4457695691136845,7.520951366177863,0
2.6061081240458805,0.15313286453937633,4.1760687519011075,1.9645798593084904,3.0,0
2.8077222278850873,0.059379882553129,7.087796302822549,3.0185374276503945,8.648731948487601,0
2.6749880327965507,0.10746709555299402,3.9622781579995165,0.0,8.276385495582641,0
2.5240407699888823,0.14317641212607607,4.942045087184493,2.4513475478646325,7.392154704769255,0
2.6853683031536058,0.09048795777933923,7.6326426603542625,1.7733377962760004,5.460153825344905,0
3.4426157414944956,0.08691208548894527,5.439426834959955,1.265024898742734,7.424594223741767,0
2.9586596570786505,0.0911041062097801,1.468320747646369,2.1654915641331405,8.29777320790754,0
2.7471266478690315,0.18610775489040976,5.5760127109060305,0.9966981690245034,9.980599094199048,0
3.1718939407749427,0.054561516459601334,5.277882763846771,0.5702757569696288,11.326084519192236,0
3.3034252966078355,0.1006521687188476,5.635637536486652,2.393990572175008,9.109934329997227,0
3.3107859449280252,0.18740685345604177,6.234697157492846,2.9177721505515004,6.266858891149007,0
2.7443921617844076,0.05260536413655069,0.0,1.3200941032531686,8.858079135135098,0
2.3158424805835947,0.13429289093042096,3.0229285200209883,1.0340290753884636,10.587978426583335,0
3.2291933517757423,0.11041612543127961,5.2455330035886165,1.806005207433375,9.73071741810014,0
2.693605654757807,0.08140710588606673,4.965454735770065,2.115596738679908,7.618949620759925,0
7.787746745729407,4.724785909448316,80.81188070369949,125.59717565660227,106.9209316941144,1
2.7767831927247357,0.14747972856822442,10.25277782578143,1.8129424835263375,6.335859064534406,0
3.0973680973593876,0.0,3.468174502107262,2.4931956884898785,6.713699179754689,0
3.6388384109492544,0.05839693475750717,5.994412688992686,1.5953614799590536,9.207834082966748,0
3.0984306179345618,0.08966943601519767,7.451918611214978,1.9925192032592534,5.859063513959858,0
2.374230287904778,0.20920483666902281,0.6050757616853328,1.1101552290588583,12.23546000601713,0
2.5757856829045926,0.09469029549801235,0.0,1.448324861953322,8.36222457777886,0
2.6108476372988436,0.0,10.351767785605308,2.3876798790328464,8.815758101794982,0
6.140317996147412,2.0091892735974106,116.79849069377079,61.57903955505572,51.52279395828984,1
2.580139078909612,0.20825280339033014,11.173433531293288,1.9977618835258188,7.845429525067409,0
2.8845668130776154,0.09083496452369014,5.457577648692849,3.171119064737571,9.546799632135222,0
2.693881632746125,0.03089912156537812,4.21051618382052,3.2592837114361686,9.436124087674404,0
2.764034067105283,0.11418755118307507,6.562268361076134,0.5057364709337613,6.786073108254729,0
3.023490296882371,0.09505773993803471,6.5128122441151515,1.7926839039917555,9.366829347120062,0
2.446832512996986,0.09533065705500259,3.9041574253883455,2.400641638339837,6.791940229050458,0
3.8623483248805544,0.15407570431498707,5.913476605040435,2.2792401012209997,6.6965917035635325,0
3.1383453996650097,0.04988914905366376,6.012446224179197,3.1049972018044145,4.135255825008382,0
4.231621056242643,0.03952615322905974,2.381033099331942,1.6764850532155429,9.005149548742875,0
2.645796616544769,0.030227574762246398,2.612088878448505,2.2900878996354326,12.883577170659542,0
3.0923702894478624,0.00734907585512154,9.584994690458736,2.9334229544758643,4.245921690739382,0
3.3193651110145925,0.14788958072364528,3.5664804478886265,2.6992124386719865,6.15556144573057,0
2.548974222821245,0.12508425225843942,2.9630589606106037,1.0086656077657499,7.157794455676337,0
3.149646290203246,0.07978190036549887,5.942388489351998,1.8646657660768904,8.408307743992054,0
2.6240153341305903,0.036799691602631815,8.580759606428785,1.721880135633666,8.912406638303487,0
3.5823696772285856,0.1910271953970908,4.907640492759755,1.5206460573439156,8.994435960906387,0
2.730120159845319,0.04001512358173459,1.8654910582907864,1.5374670336866212,8.099183655323172,0
2.56861211797844,0.0,5.948203609189854,3.3442845752345964,4.34897578203058,0
2.6865164711061165,0.1332351372666555,9.951718889698544,2.7032538280959475,7.513187050409761,0
2.7625273444195217,0.1220653575849623,6.612236008461142,2.383455014854216,8.501028407511194,0
3.170025647284445,0.1799735470056895,8.19251210702313,1.5659666456764,9.3522072765943,0
3.7102521239949273,0.08172470315073671,5.0670177179558245,1.4306485764188626,5.662038179575001,0
2.880525976566795,0.18560201420089464,2.7152364048913404,2.9792597442869626,7.2915627681667186,0
3.3951859480258557,0.0,0.0,1.758936777534219,9.166809831596382,0
3.282754822815772,0.1633825755593987,1.8320305642194699,1.0111276523644162,6.301165060567389,0
2.77690828339261,0.11778344742816148,9.047537146666116,3.515318094323802,10.292943754975806,0
2.655406090955216,0.10993400047737036,7.196242854299067,1.5340490219279492,11.852690811442269,0
3.427262613533308,0.05971001725578977,1.47739311283956,1.3099874001854148,12.224178654505817,0
2.0168217053119992,0.04336075243661275,6.619293538485026,2.506915720136311,9.817874993777199,0
3.3169595111590056,0.10947399106105404,7.908107907224163,0.6875326965514501,6.896524296335414,0
3.5677828200902995,0.04109795663118097,5.377659591729973,1.0757315974049284,7.987331719069488,0
3.764234213206266,0.08245752849617627,4.940244811100807,2.8549039226364026,8.327742803472912,0
2.1961694864409704,0.03492060085983344,9.800293540461436,2.262016574358476,10.983886118323282,0
3.8162056519658174,0.056083846141013055,5.22001023433441,1.7530816725105454,6.790562266729044,0
3.3070833500217125,0.07940883155181713,2.4508372355669112,3.433633608817878,7.419939197067615,0
6.335837350511734,3.460015274270406,124.32573413593344,42.68523944668039,73.8827519771152,1
3.3251005889793306,0.07015128566394631,8.899962116786401,4.022174100087378,6.270207775143154,0
2.3329872525408977,0.11317754059773925,5.100330403919453,1.7341716343530078,6.46348935921646,0
2.440191283355494,0.07245090982308752,0.0,2.03080713499795,9.133215665670178,0
3.7710549762839376,0.14283512401212778,1.822364874881294,1.294244437772802,8.559643191888554,0
2.8524550428810467,0.22504502489671407,7.129798244441712,3.3951019065022976,4.9827810912405806,0
3.055461294854933,0.08057396124084953,5.349735536037391,2.6946691241185845,8.982548041452565,0
3.70467372009279,0.11346473762903671,10.501689638073127,2.394881490002578,6.5544394891110125,0
3.331440634333706,0.032153221515021244,10.294741416652315,1.681698985895666,10.545820434494848,0
3.653571377141214,0.0,4.862213513779518,1.822831884885238,5.782470209190009,0
2.918603546963853,0.22696908113914308,0.0,2.966125325530311,7.060084253653697,0
3.4151679082721227,0.16197920032207808,2.3599640549277083,0.0,4.786794529283988,0
3.4292255583283326,0.11365592171468222,6.33751662568774,2.569876375979523,6.703735132224445,0
2.34408188382492,0.15029622558982084,9.617591600524722,2.915402970484937,8.579568957316443,0
3.7420580142679825,0.15799199831941724,6.836809430316178,2.4500546711851463,5.6570337400580275,0
3.0775953419294897,0.09066605188432776,5.251617505282801,4.1711928610624955,6.079106092032237,0
4.066516687328133,0.021925338877907027,3.2173673828550005,2.197675566954245,7.720809745768497,0
3.5743828501860517,0.0524544635156384,2.866090319151562,2.885577081695045,8.92893493944712,0
3.202025428407269,0.11807086586365514,8.18856107909965,1.656808431313288,5.664998352238571,0
2.96211785673227,0.08270403354764147,12.910007425836765,2.616579352307271,6.743804329840433,0
2.119595594009612,0.07110396115836448,6.383234096889305,2.962210578581098,8.071686589716098,0
4.072574563886694,0.009806860371881748,0.0,2.5212299906445415,5.225426973138267,0
3.924304416648206,0.05532424537403599,6.300687380575638,2.259595646698954,5.523677711329082,0
2.72484742307729,0.049015234014557166,5.42897190442765,0.8955481721450038,6.20411602871954,0
2.662410862512809,0.07881201589886484,4.900924208841318,0.8218203126657231,7.551518088903627,0
5.827238781755109,3.7226787457087123,124.33956658334408,171.64897487792695,287.8318270218922,1
3.0905107793518534,0.1275942985911077,5.273504439999318,1.9129847766818626,8.124863406654885,0
2.9357312442805346,0.05968115354409751,4.811318399300426,0.7203521516507569,11.041702464127559,0
3.195347960464072,0.0714842966106767,3.350225502606963,1.6976504336682494,9.941267345222887,0
2.2256908505681268,0.05819541648901868,6.970787199026264,2.4670909439935746,6.267986582034748,0
0.029778044792758473,2.1123127981529572,108.66368528482607,187.27631912639242,58.36115032479463,1
3.234387128037512,0.1292157083217655,6.41152954213567,2.4484132494791098,10.24819178940325,0
3.1972260711891485,0.09434359737421298,7.055870254132904,1.425398141816609,5.75670752693361,0
3.320421430633505,0.0839851097731679,3.41783281508114,1.2946832760841518,6.945273324559783,0
2.371211070542692,0.09246929926850335,7.168024474664895,2.9632265338939394,9.04000876160162,0
4.149449061809625,0.09775534849387316,2.396232611746539,1.1934903709744178,8.387340036696337,0
14.185483775615175,4.272370227952353,179.61507905301366,98.90977431633866,409.27826705134595,1
3.8129794576810316,0.17222060975275438,0.9510509893395778,2.343554577039936,7.127419618011686,0
4.031262459621573,0.0,9.30671297949087,1.5396076673433448,11.355931673937395,0
3.348951636269514,0.1476239078476403,7.8827965358247845,1.3729721481696053,10.270073714203479,0
3.0601478158559496,0.08887625516108674,3.6867880327870264,1.6105964384746234,6.327322927007424,0
1.9347167600963997,0.13577465483847428,6.592601486201446,4.031158713073231,4.407604489330897,0
2.9761443219290102,0.043825298338020104,2.984837632225768,2.243890941620451,9.581235437679954,0
4.213358243172761,0.08173795112550768,5.182356117503908,2.1860930208759353,10.365789877755851,0
3.7016849850625952,0.11639055367870617,3.9814095300020402,1.2612612746950724,7.120635982163101,0
3.1478122443735477,0.11791722555380017,2.879992687780579,2.5981721503347943,7.938813871538489,0
3.0923169292661523,0.06985896721080193,7.0499735345482755,1.6088436277471574,11.20568849435594,0
2.4879065878353974,0.11741708696230635,0.0,0.439829174870056,13.380630014577388,0
2.7482621729419003,0.07942534277189099,0.6348361847283446,2.9944145282075842,6.952481417946633,0
3.3464593115158054,0.15494916787209825,0.9568723090717901,0.7741077365600542,9.513284930213874,0
3.2673145430612176,0.027453605444438797,5.543761845035151,2.508535317627131,5.31805592803744,0
3.5454902125929832,0.08914205964315718,3.2367860920403047,2.6280786969002485,8.72404910197693,0
3.116126848580502,0.0812588971689097,2.387816685068776,2.5755619258303653,5.751668030476132,0
3.52682089830392,0.07758876918499254,6.0972799582787465,2.336583045459035,8.440258374975551,0
2.785377789850669,0.05410119476946321,7.047016346178977,2.8254145978230847,4.089827772163701,0
2.381168788836351,0.06259519676891764,1.6856759790754499,0.4900068294207931,7.74841474468334,0
1.6901274479551278,0.06334835022380053,10.121989428677669,4.05451488940476,5.9106669387375135,0
2.3343835232211108,0.11016179772930156,1.8305087881242197,2.3140226024861144,8.154748565521666,0
3.165631715701782,0.03989252369619556,12.92603573147786,0.5177685763226914,7.9754469329956486,0
3.6065488499895917,0.0,9.3092885586766,1.239399335574861,8.270565017104635,0
3.529968192023311,0.13068854278949543,0.4783225388481851,0.6587402727632623,10.391883814870614,0
2.5008229796306045,0.11898838180204481,0.0,3.1685803642733816,6.80139442275255,0
3.618908155986731,0.07978012884080193,0.6985825282147573,2.6399029571520845,6.99764572609393,0
3.221909714073114,0.15933673100886656,1.9896832895014898,4.768373605625943,5.455524745536073,0
12.271934020578678,4.0078451167749165,179.65567392347492,128.78844868874592,120.08739190952495,1
3.554091408368758,0.09686802113363827,6.89967593034528,1.1417839682283732,8.716668142393843,0
3.2898165866067877,0.08756920731166613,8.311160041167788,1.7805876790279296,8.755423520227668,0
2.9122180272503924,0.13989253506910695,10.288938957612197,2.7738771734428225,9.992776851286019,0
2.2184045956516716,0.0,0.0,3.1222033332933687,6.364836826444618,0
3.7897860728653563,0.04119133317226097,0.5133753905053879,0.31196567480232185,8.32651125258433,0
2.8147459507049857,0.06962156041102222,0.0,3.1469628682551694,10.0573974317798,0
2.669106767615806,0.10923552373905417,2.7321478799242387,1.1616381199991923,10.009860588135766,0
2.137096635604702,0.06794593667308224,4.0499613621972514,4.135321123975958,4.831344844303206,0
3.0051165305097935,0.1360567681272791,1.7542568938606014,3.033189864363148,5.623230658519859,0
3.657457226792024,0.1360951742719071,1.1056882889385267,1.0967068892208909,7.797604745364937,0
2.8138966119644735,0.15900640868707638,4.780678093973185,2.228482177718192,6.550171692469006,0
5.86100053723691,2.749731485636571,107.15165777330714,114.2416321852142,242.07863421604014,1
3.0646105909876136,0.1367318772729665,4.994857538992808,2.406847635139783,8.97797906132009,0
3.1305276360899446,0.12917721515059438,5.262421261042218,0.7704737487826139,6.796205678134773,0
2.718856235379514,0.15191894255096583,2.416071260908676,1.0230542606181179,6.957490386287741,0
3.1436644522015045,0.1545902669537323,6.8700269020244855,3.0371714725320045,6.254810947187694,0
3.4847286002633684,0.07190789503241506,3.0480301359914153,1.717875056862265,8.294021667225728,0
3.2412362076215926,0.08346053878362214,10.858752147468532,2.33396514967619,5.211404499591165,0
3.8382186561376415,0.16559918692869735,1.037323152481517,1.4389108690190027,8.534272592923461,0
3.78276201461717,0.04103154391836914,4.798167605259397,2.6882597107724138,5.0426528073794055,0
3.3417846616002387,0.10837850529004953,6.286283776642291,3.5542824416110257,9.113435953266837,0
14.43652431168464,1.9517578285739032,169.5883837067547,72.7140577894116,360.23526879373077,1
3.010443244147981,0.12590508510149878,3.4867319501084917,0.7762551533437307,10.33439196671819,0
2.9902901970561335,0.04769394574687479,3.7875285215620917,1.4818659433331427,11.022566248221484,0
1.5044320145496384,0.15829582601276115,5.554481100864962,0.5490870714059874,7.336812442136909,0
3.365382059533262,0.2034113020752912,7.364874969908011,2.1814610634806386,9.451642296077594,0
3.3039482548582697,0.09562823356114095,1.7347662929814627,3.316007419718498,8.194834686128624,0
2.678225083841269,0.11931913269240306,7.89598000148338,1.6682212282278779,10.326564265588416,0
3.012694210271205,0.06442689029581476,6.713423726114221,1.3729491545526495,6.051879686163557,0
6.879096625928773,3.724778749056286,124.4064737394252,117.60022439734576,246.6608342444028,1
4.59655378392243,0.08451751430059694,1.7599921748536036,2.2944189776840482,8.272249268151688,0
2.5496896326760656,0.04850138626115322,4.885028492907883,2.5220206351107666,11.63815438039161,0
3.600206953972213,0.15400280295696553,6.144058503740855,1.7282699601302915,6.829873657206801,0
3.4857854754771775,0.12091028779439861,5.4129858226041385,2.114845090277753,9.72878299481333,0
2.415660981190234,0.062210424992081854,2.4890589366812392,2.729236949310753,8.963935654105784,0
3.5159222697343173,0.03677507965225173,0.7281256634071793,1.8667212847708445,9.108285853025498,0
2.8253711478407855,0.06509001626944752,8.730407385037891,0.6923574189065596,7.257871942198295,0
2.403037496800472,0.11339218189331668,7.31854351563117,1.4569780536142103,6.648124670392345,0
3.154910355113514,0.142238718789085,0.0,1.8014308131190395,10.872178692364031,0
2.9237650818097283,0.024405829021839326,9.104282710444695,1.9379113017857126,8.159991710487164,0
3.2095095046830227,0.1712247910623474,6.946645777711517,1.737766430617144,8.75645257086302,0
3.355807439044445,0.06625329906047239,6.318458144025535,1.9650584995413671,11.179791189621389,0
3.201865045168305,0.08843495285351503,6.598349627967872,1.1675233782766112,4.609964414049385,0
2.3477652497475736,0.13477012372751496,7.352439249060495,3.4341770365203264,6.292159404958563,0
3.1191844913673927,0.08574528714789931,2.5703297027317755,1.9270305681187216,6.806752612033102,0
3.1502371798054143,0.06471132584523175,7.538355407887801,2.32982306086851,7.457780614706411,0
2.9981987304547157,0.11214410065751376,1.2375170390131887,0.8070266289808632,9.629070919390648,0
3.2694550218423295,0.19675770200301146,6.144276852603026,0.7905646710409413,6.914606252194773,0
3.212082973200958,0.09559543779854635,5.165597727590268,3.794524848392212,7.492580529867203,0
2.9799210246778283,0.20076375552303202,4.824709643007536,2.0633833926377183,8.527638171358682,0
2.9075489317785053,0.08886396496116965,2.528489391076538,0.510715735559782,6.9523136593732096,0
2.6746787154390868,0.07491079035942341,8.196128816778808,3.84804019177085,7.722997956120093,0
2.3359069755507846,0.05186337173576939,7.460697194917953,2.7740227740710526,11.469525586247155,0
2.2808610108413165,0.18631132728178162,3.4860987731322965,2.4479307327729467,8.668550932153043,0
3.042659071282512,0.02519205934176752,7.414800172196976,3.177208787416915,6.299983490479228,0
2.6762290971824205,0.10067251823096465,7.90086993603445,1.7305062442960135,9.843873202570713,0
1.7880603366855217,0.17236528496959033,8.006708500108775,1.0990788814458472,5.70164079556644,0
2.5224387103253236,0.12616115928685168,1.70716705317282,1.206865336386063,6.92567147522336,0
2.7722302369880647,0.060196793113968305,5.5302863097507915,4.177293447549065,5.329967508703952,0
2.8124018098380317,0.10686762397035181,5.546294737447586,1.597166571525196,11.880313263670125,0
3.658697032817163,0.10113154263384347,5.874136954447838,2.921936378007617,10.156852388945893,0
1.9564864906989656,0.11801843579524306,0.0,2.40848533814647,8.178721477192479,0
3.81233922923478,0.1244627267538164,3.087537695524965,1.8908069054994474,10.31750966901974,0
4.03770039932272,0.06216180114920369,9.038299383542773,1.196565725828743,7.533845615898356,0
2.3810922505865753,0.14382278227514678,8.056769720269696,2.7020303236673264,9.538430554458099,0
2.1995480107617422,0.0937857111418782,6.883041253623423,1.3062333925032497,5.742073469733669,0
3.0380026957062056,0.08566028821308654,5.035641303553376,2.8949300615655607,7.834226032250269,0
2.721254107496083,0.021455927143704395,1.8826664948967826,2.955388571179851,4.790391378203875,0
2.2094046489839334,0.17136526821446083,9.917769550225255,1.3598534949063001,11.171358346201519,0
13.430851470348374,2.441617420715688,105.93813734083905,96.71562351007724,365.13751654151423,1
3.075196893238104,0.07180262559708785,8.803881461309267,2.366606247013805,7.847624777417965,0
2.758406768850313,0.0595309589458623,9.81606788708542,0.023178431052409465,12.139895478139358,0
2.2070083438810206,0.05136177416199996,1.012977088329655,3.253058210243914,6.364125419147036,0
3.6328539204323502,0.0,2.325369530436486,3.270088025254897,7.940984802761857,0
7.486274221230018,2.887910954407653,129.3788770256408,161.7742698877076,171.07297478621854,1
3.250332860690605,0.0743732944676725,2.0891860222752836,2.2295726410742533,7.704923623799696,0
3.419470250234806,0.024497939400737384,4.436818929260348,2.9067842666754293,9.649403481572195,0
3.0916799598895777,0.13401101802383455,10.83058664336659,2.122490925374455,9.983707401015716,0
3.797252531612486,0.07426086625426291,9.099168235563315,0.2675054050326726,6.841742325986248,0
3.2568929754561045,0.1415095905931305,5.387562419995131,0.1570630937523243,9.175389803735625,0
2.3270645382633925,0.03917095979321453,3.3860644135341347,2.8264531108587625,7.844183907337364,0
2.793501088928283,0.11487310265589083,5.189696439539303,3.575720450373765,8.038406841931094,0
2.4662335428728634,0.0,0.0,1.9720305855130178,8.214571732193157,0
3.552762966478992,0.06961768273132637,3.692630811129092,4.503171790905711,8.629525122910326,0
2.8815906966299956,0.07377759318686741,1.4100032231468127,2.2690526930157073,7.855305049698657,0
2.9386455332021377,0.06014432168875097,2.96499611199352,2.077363730284097,10.286608548660027,0
1.5757286896849623,0.1139633919108263,6.792613117684184,2.238498925673054,12.340904357889112,0
2.885100184712403,0.03802188569598802,3.0971758495480586,2.843951400518931,10.670209234537248,0
2.4800470364372345,0.11215617292564466,3.837110502010261,1.4537359908225351,3.7427017509629605,0
2.514171632729357,0.040101678539136924,2.213220552617809,0.0,10.630096119048403,0
2.334843187130505,0.02206065024880792,3.8005197971404208,1.903615363685103,7.4740501719685914,0
2.487806179332855,0.15863784226337224,5.924876190916463,1.2335335689802123,6.896968539794039,0
2.8954883713569872,0.142155266616162,1.4570825490068433,1.3133954681517992,9.394365241585707,0
2.5714212217918586,0.1261071272966968,4.083665892674954,1.6115200932285192,8.605924614997463,0
3.1268698307472866,0.10015738634531633,0.0,2.6868274954528384,5.925347603397315,0
3.0259729429036497,0.11107792368121054,8.573782044895498,1.0192351563374622,5.72661376215837,0
3.0244300351628524,0.10552676587369701,0.0,1.9993915176777106,9.494117655648246,0
3.814307772785646,0.12868722105022068,0.9639935377542752,2.1144760588187794,8.618556770253388,0
2.840076238372578,0.07926865497140685,5.787508672555502,0.8141850889850548,10.430131211183276,0
3.1989635249734043,0.1115803737084046,3.151786353991029,2.6084916486780787,6.832878904207853,0
3.4251108710567464,0.08471904444658436,4.530567871630525,0.9602067754717654,9.069407899272395,0
4.181936247309681,0.11908670844812547,9.612653957103031,1.8754515203135762,7.269889934390059,0
2.1537676851425904,0.12982205687908766,0.29556705973984876,4.004423303675171,11.858539993242566,0
2.804120925478089,0.12401302507029625,6.00298116366051,1.1272150464723576,12.943867544863714,0
2.580391238388681,0.07222266102565668,5.223528781480318,1.8164596779835345,5.258315910341988,0
3.6408218975018842,0.0907927092158399,6.307842889146417,2.6555543582884527,10.491113629367252,0
2.5258259978878996,0.026072653150060063,9.9919588394243,1.3715573108446537,6.240321387798026,0
2.9499229617600236,0.16965906289674532,6.026318118951254,1.3106709319199281,9.580698017384577,0
3.562717392207385,0.10390588676180082,0.0,2.236717121026393,7.153126833641445,0
3.735585163746804,0.14972236877544537,6.41144898838732,2.1434059610713043,7.950339371746706,0
3.5605153336622357,0.15355402502014026,7.36722560419973,2.859414254759453,6.43491742734711,0
2.640583806195635,0.162614183097832,10.049943727782589,2.714549761463506,7.722407198108928,0
3.2933469007376375,0.09586424880517534,6.229056031239649,1.4893160618043493,11.93690257872058,0
2.2410631266595953,0.11280853028471391,5.450406961868609,2.5076118229432476,5.4232971615919165,0
3.49813340972357,0.077702814306942,7.195694207703143,2.9177681977951373,8.013969832511878,0
3.0490337697694723,0.13229452101379463,0.0,2.5743863511338763,7.879438501944037,0
2.3323278206449496,0.0836651893406818,5.026365327896215,3.07147593025456,5.2722641327413164,0
3.3190255507203785,0.14135577142828842,4.363730990238723,0.5636475429608394,11.247687488538514,0
2.8452267803430047,0.08424566344029458,1.761401443501883,1.2030133311861224,10.217348839911448,0
3.2788455303625623,0.04349106352576583,2.714176285594749,3.805668878116265,6.831180450623522,0
2.640796367215401,0.13989218899478834,1.1271733415203276,2.6694383715424683,8.260258876196083,0
2.9960136793416914,0.08364913411951144,5.324042362938503,2.209348857334689,9.401190794554255,0
3.8036727880099965,0.08637276393190954,4.8261080009950925,1.6507381146520386,9.668110903698738,0
2.457424736721101,0.07581914302222817,0.8827707873160797,3.862869121400177,9.078082993505518,0
3.405698277245796,0.08973579902518744,3.118721525683112,1.6853985525579511,6.292142170857285,0
2.89594157136373,0.06731604296812906,3.91482849171984,1.4055022775732775,8.96122243049719,0
2.5978421201700037,0.12583222229679836,1.1142241379986375,2.817992099257337,8.869785925354677,0
2.4161102243660326,0.0,4.138671485412972,1.473609134889322,8.946393166450452,0
3.183682753408089,0.08497670256396482,5.7928706304597535,0.4854264909414434,7.164489750158367,0
2.1487081978810796,0.1072531872979691,2.958517856707857,0.7548494240399144,12.080693197812979,0
2.5322806489777023,0.0959541331168656,9.911634934108559,2.6389568142127455,6.5927271117815405,0
5.086735469799672,1.632826701913085,109.17946467237252,41.77975040932917,258.920106091751,1
3.096024558245016,0.09659382874160236,4.752222273946129,2.1373413245651047,6.34171302911319,0
2.832749382079526,0.13859600774183375,6.493364928253332,1.2365346966908883,13.8904925798702,0
3.5269010260174514,0.16394329066566965,10.602386012484052,1.7172406723706317,8.96301526198261,0
7.77186472947479,4.3031036966771286,152.40764217904032,131.4817373645087,358.1907530120813,1
3.231644265059053,0.050371099663558856,9.560275222973303,1.8825896996551306,10.517522479520137,0
3.1005798279364196,0.052496825126693646,6.629096837868957,1.74040327819073,10.180488567316129,0
3.774510075747594,0.13644705972852253,6.812322366317132,0.8180044781021754,6.269401449730298,0
2.912822871048582,0.08274265594309865,7.223050854009347,1.9431631477930502,8.487972375995293,0
2.990181100536659,0.15486500937718545,6.350466901839943,2.272517990229593,10.691750006355434,0
0.01997158419073053,4.550590028330463,175.81135288993192,173.69280527872084,264.4005813322228,1
2.5087563032308453,0.2174537893350379,0.0,0.7229154376688811,6.322752652800938,0
2.426154305092166,0.14168016024186741,4.558421747695966,2.0439083018771567,11.43023643635756,0
2.003132178714272,0.11047671151313973,8.170174733841256,2.5280360045479644,6.18369210278466,0
0.29107051872840617,4.528797805253703,87.70266963712315,137.3548481344946,361.0297150598403,1
2.595850857322424,0.06358638987966936,5.216756144713748,2.1571457837025347,9.545456755838787,0
3.7506668259777434,0.08075285557949595,7.098392740687107,1.2499773184342828,5.984075530172724,0
3.617905810003469,0.17944701642220415,5.70812919147311,3.2537347862197343,5.755698877027171,0
3.1670882086224488,0.12339752110659259,2.945038462568757,1.899304127182823,6.231781717940157,0
3.1539008844460295,0.1497790757001015,6.704820131458353,1.6753803256020587,5.27995284737881,0
3.188650246522426,0.08862618700232962,10.222824459790973,1.6758231389593587,8.884672519952394,0
3.915729382927177,0.0962167197837085,3.0060467074938124,1.968738585845754,6.449241940654787,0
3.426987988276112,0.10494668935144419,0.5528096390126933,2.1348014232902033,6.331681906566838,0
3.038425941479384,0.09080730534203953,7.560046932020439,1.9357962050472863,11.350259879380452,0
3.249842555151467,0.04818453763131149,2.406719883992841,1.2581568389915245,8.892748489517071,0
2.9696695930926897,0.0971302317462982,2.960334380791441,2.512543628399402,4.5285321261047455,0
2.6614191442439443,0.12870356104470007,4.134274648537696,2.8717025855988134,9.341374341452466,0
2.6415888396985974,0.07054439336094366,5.6516238125852025,1.9048751224465301,4.5265463644711215,0
3.337409746083302,0.06451055038832325,3.3048185793464224,3.334506133337838,5.665581028771282,0
3.6032544832541786,0.12146704114008672,4.876125914646016,3.612868370707128,5.502673150474745,0
3.6388324478942122,0.12660030994109717,2.5684141105351213,2.8301613723463044,9.36398659850829,0
2.1725562818858517,0.17952017842868195,4.323945544867401,2.6427171526314837,4.692080880767371,0
2.973439673491227,0.18217707545602646,0.14248083045240545,1.5641426450185931,8.494666603365047,0
7.396887575770913,1.5617099312690865,158.81440139679108,127.19064083293901,79.62698397393612,1
3.226185898124867,0.16945121814813807,5.023183679527054,1.791794742010034,5.390902200831781,0
2.3845678417830225,0.08661794545506032,7.867408235337443,2.7963400197488326,9.98012246143272,0
3.435648648728622,0.14756531221497418,9.47900931332961,3.0685495584552998,11.599476583454196,0
2.932751607799134,0.04764212156548678,4.641323730120812,1.5308692838725375,9.932185710712641,0
3.40643105941948,0.04233247447020203,3.9596852696998637,2.1299982258015953,6.4428259063765765,0
2.588889802216784,0.1353039456907566,2.2223302883265506,1.0654061051015289,7.233164116062136,0
3.428199397161736,0.1356161079790081,1.770856437793825,0.19170467150048554,10.14623605359875,0
1.900597021689959,0.1380423327155739,4.971006736059959,1.2776525953849704,7.982258135420853,0
3.2565427100486466,0.18178989030679077,2.477684330304125,2.195162047141818,6.690870116808539,0
3.467159955619637,0.02089116183269364,1.1371841490408165,3.3984839930693216,6.837113827314486,0
2.878308010312491,0.10921545320390517,7.119516390641758,0.5560710775077728,5.233065375088028,0
3.58158187607748,0.14407037644617857,4.72409460139086,0.9989904555171858,7.678190123446803,0
2.464553750969444,0.044816508573481545,0.0,1.7839985784268866,7.790897222862947,0
3.3923021439490118,0.07819222792462575,1.4593047973988895,2.0546117829100705,7.412866326818228,0
2.8883988726825973,0.14539811568135247,8.253501590872776,3.18516303143934,5.361609894464401,0
3.2483570765056164,0.004609622106130445,1.6577559253007372,2.7654021560133497,10.349628115171384,0
2.4837380482362303,0.08301204961762382,6.5278859709260235,1.7903600065808378,6.669785257962389,0
3.7807555983634265,0.02836643551301736,5.943016049394291,1.5880767656140469,11.35536818179962,0
2.3597853237518587,0.07377164931164745,3.759728688090676,3.557905432318357,6.756811909658632,0
2.689576200874442,0.08121831671172322,3.628344382042412,1.472933881760226,5.110717493863172,0
3.2762449772085738,0.02171759841972018,4.68692465168574,3.0304387856367914,9.236924784776438,0
2.5471338495686906,0.13949598610904262,4.188885802592626,2.8437900258815754,11.561277198955416,0
3.278905153175931,0.11917175157018221,0.0,2.8109137726156965,5.783650607030507,0
1.5298056826678599,0.09594770176391282,6.9340694098527,1.8179595689143442,9.473674248210358,0
2.552326838818488,0.10157457811309979,0.0,3.06944738812419,5.702833369522523,0
3.926139092254469,0.06708757938330759,3.725505957423085,1.7604441410629006,5.651715255037771,0
3.389180538083319,0.05206107719066126,10.177081378444312,3.5413211448013207,8.861692010339492,0
1.9233285400643778,0.0835255349891007,0.0,2.1119819326212577,5.568124364048197,0
0.25295508799720534,4.1107092829949465,165.21327196193863,75.7783683674806,84.01329158245129,1
2.7606256891682612,0.0015747893280973202,7.085495744990421,2.9765065890631646,7.357841141081506,0
3.139497081111901,0.07591170144532625,9.665595602442025,0.0,10.442331500008173,0
2.9689979953169843,0.10171876545132301,6.007541794160208,1.997753798242879,11.115358543644485,0
2.6710827230739316,0.056207879675244495,7.340605163558225,0.0,3.0,0
2.6599876392107547,0.0,2.680910871191891,2.9954151904494744,10.356174737124348,0
4.554959278002681,0.15410561564965705,7.394273145984685,1.4507613466874247,6.607765897307397,0
3.4875598667088754,0.16997973225728968,4.656321717582441,2.509513563929686,3.2881621501353555,0
2.6996806550405976,0.07450966534045587,0.0,2.2952247583452428,5.1927675778563795,0
3.2733667841006895,0.10177830370164968,4.876221042049819,1.3991703609040853,11.071261957622063,0
3.1102707135069334,0.051070580500567286,0.0,2.4373726741796684,6.859612804603693,0
2.770319550229878,0.06521525614014681,9.293456353285222,2.407689736837177,10.839688974746107,0
2.916440959841573,0.16967272637622158,2.8393639369796304,1.5565705817649644,7.915464003130414,0
3.7752502464070385,0.16188268787559992,7.784271832973244,3.0247741122817278,5.970166858401832,0
3.3752895837608827,0.0806017515546274,2.7031665289094366,4.580291898690775,10.265912329612275,0
3.2369164604558938,0.10547042359164852,2.2459428150831053,2.573767109901901,9.415583228310036,0
3.4088831496001437,0.012714628357017393,2.7319879416301855,1.4775852716224906,9.815959515610267,0
3.474777067720662,0.06730508058372117,3.6460914069690062,2.6174286309273245,8.263500219494583,0
3.2144082501652864,0.09058693324568468,6.987608100195839,1.1579013102786115,9.440448033810815,0
3.950595342876504,0.12535101360676784,2.4992051511007807,1.4321921578158947,8.222134946391265,0
3.010655824335971,0.1369590247350784,0.0,3.2228079221334083,3.0,0
19.012714471895308,4.897793522454352,154.1870485096956,117.36380113344438,388.4199515971822,1
2.505185931714831,0.07606207142391558,5.129092919963845,1.3707662366125806,7.135757913741161,0
2.2572198134815142,0.01034467737327116,5.5355875091614335,2.2054864275600203,6.771152951104316,0
3.503756844918461,0.1478966027607842,7.205396339162274,2.0094263605637734,9.22482330583075,0
2.3101909176055346,0.14435398882231437,3.487613979045009,2.299671977337926,6.860739846907245,0
3.168801331037601,0.007996112774712363,4.158493839765148,1.5695723011992841,7.130530063751618,0
2.6348166841414318,0.07910452271170548,5.873608265414098,1.9472448919992345,8.619111293534303,0
3.7013971554680496,0.12456038327059982,2.714525985023454,2.681634223668389,8.570069484198722,0
3.413591624518012,0.06237823813234825,4.210076579366252,1.6224688514401748,7.34040348590832,0
3.410241090598682,0.13464287921187185,8.03251920506094,3.2519474545131573,9.96402197224318,0
2.851218248320004,0.13094431490115768,0.0,1.8213191123920165,8.067135296138012,0
2.584524941794481,0.07331998467804166,9.27388319623173,2.829149035059542,9.104249169459687,0
3.1443618314125117,0.11964567552741082,7.479266972575299,1.6990647070298668,13.648334018805459,0
3.3191959628041916,0.10230396108165757,7.456297912546448,1.456798499623663,8.935149824964315,0
3.1732519408653577,0.15269928855914383,0.0,1.64745375726338,6.902389954445663,0
3.377695612912878,0.12377153412633118,2.8888688020057,0.6532143378845654,7.882147290953897,0
2.6991466938853015,0.0,0.09823112282213842,1.987975971086812,8.862567633772597,0
2.8153614303768983,0.018399255748679136,4.829634212341169,2.053384272479022,8.086250861906098,0
2.464957616836924,0.14567368660087032,8.249435637982202,0.21788491801517118,9.664184036747892,0
2.6740819460989202,0.20479217509045797,2.9429752472296093,2.82014359412306,6.593687075488372,0
3.2588295102345617,0.05024257590733103,1.996056037406099,2.572471411779736,8.613393884059676,0
2.5823264733701214,0.11622293021762586,1.656403054975815,3.187427151682,7.75899788355335,0
3.567810073591472,0.07771748484850027,7.85902849464215,1.1668584766710337,6.723939668695251,0
2.0406143923504794,0.04191080780438181,8.122862521393369,3.8481091041055526,8.983479281512441,0
3.2295900396142185,0.055737565693788876,1.6035525778519801,3.6764549619146627,3.9312882642312745,0
3.5162731021708287,0.10954582620718555,7.58054791518547,2.17769804579024,9.436980594634258,0
2.760412881077355,0.11587266306250876,5.147984497384531,1.897896941108561,6.8459911205455946,0
3.6834371337222622,0.046969746680169955,0.0,1.4923058716102893,8.310492104116559,0
3.4166669558901535,0.07648983306073444,2.7371056021785716,2.1522693758075,4.599758262343476,0
3.1317436076655296,0.08890558643538657,2.446458552657545,2.5930540502830213,6.11049429598222,0
3.239720759043032,0.13489870150650488,4.4855131988352825,1.1577042832299314,7.019665369246879,0
3.448533098443566,0.14493345801695873,0.0,0.7185090271311756,7.489587731120751,0
2.9241074524822084,0.08349399530167749,1.8794038671335809,2.4283529137714486,8.491638443632779,0
15.683763533633886,4.004493724155752,152.0883074508124,135.9540258677759,76.3282181522464,1
24.982829282737512,3.0937870672624723,134.5344984001545,161.39870186115846,85.27479213661633,1
2.555379585885838,0.10514586952616187,5.067051664899097,1.600743354054038,7.829162334333867,0
2.816486080458339,0.14594574273291647,7.453944633361584,2.321652659591586,8.85535354201986,0
2.6232910648269083,0.12926497182581692,7.499538293810545,2.579076300875503,6.73910961841364,0
2.9620244881787388,0.036320722570170036,8.791567817289165,2.3343747468732987,10.917770777264938,0
2.843235156913801,0.06927306081544526,1.9520137064959129,1.0843677036415402,10.374102301332764,0
3.9004702164554077,0.005517535395192355,4.767517100321037,1.9897943996090672,6.292867430594788,0
3.014372411467409,0.18345347629131656,6.267304918704319,0.8826729910687654,10.96036615376373,0
3.0426047248169503,0.06994367236655766,4.40281233872039,2.5772623672009196,8.164405852525594,0
2.4291554429332476,0.04065033058471277,10.23458421987048,1.0378587718096153,7.524553253305775,0
2.986347730245034,0.07371845330073079,10.183891506145295,0.9843367691201741,7.304020900808833,0
3.3841036083158684,0.030046078590776223,2.1925063106283034,1.087321239304133,9.142566106328593,0
3.1966589196971857,0.05167060545073424,4.798309078411606,2.3915511752600938,7.517370192510542,0
3.1467789660833145,0.14044596346963598,3.0795366294961646,0.7915177957309238,8.158405857379288,0
2.287625906893272,0.15769503671278737,4.17463571523486,2.8810588920574336,10.315039211619915,0
3.579297789503702,0.07704548448905041,1.2464025900989664,2.6710178049177697,8.470634336969274,0
2.8793711726907287,0.0935670276823972,4.100911830007057,1.2935244992342034,10.304427326137336,0
2.893895515049424,0.12593965087258607,0.0,1.0530172343826518,8.481161515453184,0
3.309577130502599,0.08612278718422242,0.28103222878141665,2.499558908249203,8.334005843391477,0
3.5597874557172884,0.16931746986314217,5.8841577587069045,3.04402512944238,4.443594544868305,0
3.3006033744645573,0.1067962283609174,8.414450992902855,3.7305179518279585,11.664239215154602,0
3.3255681209118286,0.13458092875606942,6.582442499083191,1.7520839742569911,8.881639597811432,0
3.2381788846781094,0.13655003133927407,9.234070585236875,0.332334733809138,10.173726979443671,0
3.35472590856952,0.1361413447492756,4.101454887357567,3.4941418972668252,8.010915688562628,0
3.4623168414563845,0.09843982555304581,0.0,1.694500536946347,9.054877303719994,0
3.312833673882503,0.14892110560140176,7.892467652515936,1.9048518769226799,8.001078725257758,0
2.9725529996918567,0.08406258423769335,3.1086246374435675,0.0,6.665231891279744,0
0.054070095545538356,3.3945546068971266,160.13122648554727,168.49863384040262,288.8416297336212,1
3.231051737131635,0.1677721400552748,5.253580951352974,0.1332994131960581,10.054140601288278,0
3.457695137780081,0.2351513782202542,6.461654583891281,3.0733665824449723,6.540854133559219,0
2.26623736712378,0.06704803625556775,6.0389381306746595,1.817098432576073,8.693920593768961,0
3.0018478359239236,0.03925969320556784,3.867729796609011,1.304319255833485,12.608179567098379,0
3.333156250454606,0.06120625884167581,2.4071442141783925,2.4261565596461847,9.475056126933076,0
2.0663674037041257,0.13787475746687428,4.9031693176921465,1.8114051708525118,7.654747293983044,0
2.506410236424408,0.08602462683517333,5.702777793370297,3.705362356513084,8.340020437960419,0
1.9240922993353475,0.1660207004891917,3.2631447279532306,2.09600926799705,8.168020381848702,0
3.887655446304756,0.2274504854358861,4.077285748652603,2.6927757697082377,7.589414956742972,0
2.7256375461295193,0.13427948731492084,6.97442910800769,1.17067962563863,8.288061803958453,0
2.9772069918222512,0.08600033490627601,3.8966464202868343,1.8019263698506398,11.966747198845148,0
2.5368094350092307,0.06254141366983791,0.6718556419918622,2.3963196820078627,8.032073326026957,0
3.885400317817755,0.16517539659673797,5.846102657628028,2.0635419045609376,8.380421918685684,0
3.2049093284642565,0.1288681762553331,2.714718887952063,2.588157264435865,9.043190320705014,0
3.260561214189669,0.09383279679769449,2.6595683558366847,1.2519090171513374,8.834918062726333,0
3.2310863330409716,0.09793536564963587,3.7699117653832674,1.7198889922499938,8.374137875953199,0
3.1219765989542503,0.07962699463541992,3.6047721613969816,3.3461034238624805,7.910160923691134,0
2.260706877110079,0.059231218584193945,5.7612118903245,0.9179822149580639,5.5072130029216755,0
4.2464997587163955,0.07848453400226789,3.074818569043612,0.6080167132029239,9.833412945178036,0
3.037716819450796,0.13359723039072488,1.9221055475576665,1.6801677358719207,7.280188925633503,0
3.093227157384714,0.037253866599885374,5.157579104645949,0.32885283520465114,6.473787293109049,0
2.6698394302632766,0.13854011099939856,4.486231085525197,2.515719619170136,10.392300443052253,0
3.410172006306228,0.08405768222526344,3.6344846481387085,2.725418827157766,8.87897165599153,0
2.5377670059352226,0.09401901878156144,3.1817485033410238,1.3832698900435982,6.671464270082836,0
3.949940967447608,0.07579407527075913,4.856602248845631,1.10616677936091,8.703922148416112,0
3.423710838575211,0.11784863796334631,5.9996916049700655,0.07678371379024784,6.82615478910981,0
3.9882202922577425,0.1375436389700666,4.478378539056241,1.6463474451184488,4.508061935050036,0
2.477595402989483,0.05497048237319692,0.0,1.0455613737090368,10.049547601330023,0
4.028103564970161,0.11751851081931691,4.020392442396287,1.959795265463621,6.005879345273475,0
2.69889396981911,0.11851059449708706,8.174510281472305,1.7326829768321912,8.780385221210805,0
2.907737321172075,0.11102917688686804,8.413330342005986,0.9222560650696565,12.199505095991977,0
3.76686385495825,0.025127666569712576,6.054987064922177,2.6491477210704204,10.392267434182214,0
2.981388881745079,0.17102521436355317,10.031347610560612,0.860938492383649,8.307056914500702,0
2.8702043243181974,0.05050211037239931,2.439513559815975,2.264481684951374,7.5282570709326455,0
2.870572799815084,0.10629506941974795,0.3648307777806945,2.04646127315419,7.59911003464555,0
3.5327401875326756,0.04079847208887203,3.3691793117208424,3.108444601722893,10.527078021593017,0
2.3140494285343216,0.04539393998257164,3.8196863111763486,2.330613261090406,8.434878161451685,0
3.154025269752051,0.12936312067320885,0.0,0.8830591158976362,9.224313613911104,0
3.045880388267751,0.11170122271765741,0.9902944990552403,0.9343173021804334,11.352846835688148,0
2.6768863450780986,0.0,11.007282402934392,1.1355696863264622,6.177439886194083,0
3.003211134905469,0.03903577667389031,8.179850509287128,2.4733366755549673,9.918506752898077,0
2.1784055944229164,0.11627889083935351,3.323601283812978,2.910907035033749,8.377224683950024,0
3.1672283949935123,0.18268086342461426,2.5820248068217535,2.116508052475871,8.30929708647325,0
3.4451237504182544,0.09778192722442193,9.94363281735102,3.0925378336083034,6.150711963103937,0
2.9669336926870886,0.07464956703649722,0.0,1.8728414031251157,7.277131607299376,0
2.746528412314435,0.16150002863595753,4.504758304990862,2.4449683153761756,9.536388256211696,0
3.664097070924529,0.06658274025765992,8.156633467871176,2.0029259666794377,6.506873295460178,0
3.806110314127712,0.1329725620556806,5.465466028596069,1.8998272312132434,8.575839242492,0
3.16337238230116,0.008961986109899192,1.848687113732098,2.4910039459577535,7.968624066486124,0
2.5106181421088465,0.150356666823658,3.176528322153127,1.9624364906338088,9.507288563266927,0
2.8852256723198266,0.020969802959541553,11.722779668617378,1.428097150190076,7.995776640030353,0
0.0566219537095522,2.752643299409768,86.38047440979351,31.644331603976266,106.19749095829077,1
3.31417275463214,0.14173756631624412,5.333388125889536,2.606762150206407,7.856828614212242,0
2.964199370292968,0.04506897874110939,3.569370618068493,1.5611500095218285,7.097249537837313,0
3.0458762422241863,0.01238114524295017,1.6444295473651032,1.5031238726584717,7.928484711252971,0
2.8284038622512946,0.06359140495150922,6.334560612672464,1.65283851758155,6.953791386231007,0
2.735511145967992,0.10174439735447044,5.7703497719741685,0.797328492228008,8.574535858241585,0
3.1427770374288286,0.04850940757290775,9.911247223978227,0.734363554910189,8.720261902555125,0
3.132939114826024,0.12521439266921364,5.719618256854175,3.111953360860409,7.213527181674309,0
2.868554585395866,0.0965183273349946,4.95808031457178,2.3142674218011834,6.776464275614561,0
0.04110330860652852,4.927815368832591,145.01635325176437,71.19196622329163,478.19665115453284,1
2.405294053566336,0.12001179277633876,1.5277526293536994,2.678549654621052,6.525476647216078,0
3.525973808861459,0.08956658143897671,9.361520711365655,2.2193089131320543,8.28657334376405,0
0.27715398725780876,4.042648262631552,166.86272654795317,38.51819508979463,93.20495545114312,1
2.9030869306135982,0.07441182210288483,9.034562093542084,2.076518062243711,7.872500156641644,0
3.088220777638613,0.1510757696390932,1.8823395080277017,2.826145616040516,6.78535390905817,0
2.6965674110714124,0.13361467040202013,7.943449146711059,1.6685006117004857,9.777880011186074,0
3.996257676584059,0.1041386451892713,10.738064403070387,1.625377180673945,5.642617736407491,0
2.676531611147213,0.12363151729217028,4.298827826444824,2.1104180469461196,6.160203659107693,0
3.166831052643474,0.026027788843013808,3.133189331318012,3.1364555743248452,13.93901901549133,0
3.4497999377166253,0.18381965136041017,2.2125909784707254,1.2401978680122248,7.3107303259836875,0
3.1395107628851697,0.09540776178325225,1.142000880450519,2.289911174037663,8.706078496830003,0
2.859662461566613,0.1245752823623392,6.079042543058963,1.7994288193442314,10.257913470365896,0
3.291964092662982,0.0,0.5712123679946615,1.8597244144495717,8.737834405816493,0
2.8481369856116676,0.08643425109658513,3.5325314744473513,2.0005599923396953,6.121893712596059,0
2.6823188055871854,0.08930624162226806,12.757925527051688,0.8936558429228911,8.662445519719753,0
2.7055665866306517,0.24636350462366652,3.9687304414696696,3.0329742349140307,9.342052022777697,0
2.8064501487627993,0.11089011698743631,4.2697690922962765,2.6756644532569767,3.0,0
2.80734320156912,0.12770288855579537,5.170225049890458,1.6929516590748985,5.591340345642079,0
3.3916952546412977,0.039155164482991646,5.4549718164350525,1.476295717110475,9.186673199262726,0
1.8903498136262324,0.13132691816684713,8.865300867510165,2.7851265854600546,7.072431257243784,0
2.2403150170229935,0.11838099201048555,3.8410325736584734,2.2190715625376685,4.631991964407671,0
3.7279111610733833,0.09230473865126562,9.753483125471176,2.9078523849098703,9.228072527914417,0
2.538917337911187,0.06404452742754072,5.17534844211695,3.26871389457657,7.754062106731261,0
2.732382394219716,0.13166634130356192,9.331010957498716,2.818594618343213,7.314564446243711,0
4.085471358748907,0.040847190763280555,12.796468700223746,0.0,6.466260949764177,0
2.5365347642109586,0.0880944781843973,9.249235375100877,0.07443263966712288,4.105320254676153,0
2.840473032166691,0.12430923957809695,0.97853407590069,0.09624059435540655,7.19590139945042,0
2.355019550129473,0.09381336599501218,3.8086540052964413,1.3889149375232823,9.092797903334542,0
2.2517353724549602,0.10514292889661671,9.722440358097227,2.525169313262168,6.910259858352976,0
2.922050911031666,0.03788767332253854,3.841931606387906,1.235150771691897,6.546010348565886,0
2.875481980221811,0.03577078671500154,6.847901018140515,2.031621973910248,10.752463941271145,0
2.8615933500555397,0.07585862045965408,0.3291467398805663,0.7497839741051988,7.94650739765415,0
2.8286562029598254,0.04284903439631357,6.1070493134755015,0.9727481124948711,7.378741520326239,0
2.9630262171958037,0.09021073645157093,3.031708291983076,1.400644294947003,10.033661778025703,0
7.73640770576955,4.559160700194075,151.01040945928312,127.23863070214038,370.04322233031013,1
3.5630251253860843,0.08071636845110759,7.92747001186569,1.2445391986071181,13.471920318766976,0
2.5920948575172806,0.13041230958424843,5.397491430486936,2.0445696108892717,8.741703785421993,0
0.22526333295434695,4.750534692972155,124.94367753080455,67.24135971613191,221.2907660138558,1
3.2716800961899675,0.0,4.775220331644657,3.9824704501689276,6.9502810793511305,0
2.4354741143913854,0.08032350720151356,5.80415128276926,0.6154819805750034,8.312181476913704,0
0.12875160832771862,2.5354790782421546,150.765438311812,155.45116140816447,141.3166485658947,1
2.78655946502629,0.13720928551575173,2.7127461481912567,1.3079348013353083,6.069207579734155,0
3.7519964942913444,0.1295211030625732,4.355135485763147,1.6174161572775665,7.3520382985988455,0
3.614490251244531,0.08067291920511202,0.9016577571989455,2.4522743776485787,9.068937070137022,0
3.0349010424950094,0.10397989311880182,1.3724038662811817,1.537263352003662,8.54662249917033,0
2.043359877671101,0.03014409074435044,8.282538642564425,2.1488087616795903,9.69354221801649,0
3.3674388930249086,0.1250071516556942,6.8926268107884665,1.3406758652228326,7.135197625444077,0
2.010350094812106,0.18318664160717368,8.93181773844039,3.6253303090751947,9.805356285398497,0
3.5280284045330257,0.0974238535737677,5.273944185834049,2.349615331028385,11.10670939811179,0
3.1280148671569377,0.07710758069087555,7.435116714839797,2.418514559157055,6.460585801524289,0
2.741355774949814,0.08000504689344315,10.976109907877927,2.295195368158836,10.863177810428223,0
3.993637999615404,0.0,8.985939234633932,1.18783052827367,7.417672459147317,0
3.191494492370464,0.0824610897199223,4.209729094641488,1.2853358831590076,6.940443495938563,0
3.501766448946012,0.10092008153917191,8.291660574819314,2.573447493355399,7.325947250637247,0
2.911526386252975,0.030488903742326864,6.227194815002171,2.0586089173717927,8.39474521087932,0
2.930772008008113,0.1594298411543504,3.182960000192606,0.7333680048933904,7.218223465655223,0
2.4688032359265604,0.13186623415115364,7.835935313707596,1.212277566734481,10.569833569750166,0
2.87191012375231,0.12260339191298356,3.9699944724426524,0.568885857228745,10.423279251298334,0
2.675313480839287,0.24678289511638893,7.76307751919298,2.8603325594167206,5.721427681579464,0
3.3235979698513707,0.0,2.0530271831696725,1.4587009050377602,10.472409956519192,0
3.1120462409052085,0.07370601620523981,4.260994156460455,1.6769242573229755,7.495293036018219,0
2.79648184353661,0.10899571847732084,9.847617470366941,2.1634477466174773,9.988004079012557,0
3.368421948546217,0.1395929655194034,6.089012854418231,4.2999691243864735,6.63729678712958,0
2.854094365542228,0.10339192569584689,5.706367385333343,1.7966817145824932,8.138007001474122,0
4.201707792619137,0.08786506260873592,10.259584406196756,2.4445919950731287,11.488991098719776,0
12.457936220383909,3.8696423980170107,128.42604294466128,70.74086261273612,152.24931234495972,1
2.5126591648863394,0.06967483058921302,5.43027970057248,1.458526993492831,7.169817326549342,0
1.674515095803494,0.0928926731529727,6.157249904545084,1.075074184280726,9.004469440703948,0
3.0532151138459485,0.037106592204555616,2.2278115779768037,3.27427225873437,6.729389260756671,0
4.219876203169637,0.1396909233571908,4.6520087830353996,2.501090009308772,6.368424549662856,0
3.3837173645764542,0.02263480055308173,0.2431228796912217,2.980004236133894,7.929185121909298,0
3.441166531161705,0.09123527350479936,2.6388911632001033,2.6754908472654697,10.325979191354676,0
2.5766031409657977,0.14464769350543846,4.930848331743602,1.910796702308332,5.143865647789109,0
3.6230425962488146,0.15147287407991789,5.722630271601223,2.187107100125092,7.773290411785401,0
2.9416170421023766,0.1551608786026829,5.43276056684612,1.1902645326101884,6.578616015065979,0
3.7615620386348287,0.1255749787680931,1.9217574674131268,1.0738367365167916,8.213010802838372,0
3.2148091095662927,0.12930829001963917,4.734367356250962,2.822682426574144,8.897885436385994,0
2.382825564060039,0.05738066169629483,8.856746703085038,1.518282949064474,9.528375232271129,0
2.352460613968192,0.12289028049628925,4.875584666002557,1.7592756960109492,7.282914944874781,0
2.607006983682509,0.08133157874984578,3.0248518461786635,0.8372895606722386,5.05044291752321,0
2.323664857078233,0.105705074611326,5.770992336757492,1.410576588513109,8.43502699187757,0
2.6751173865758666,0.06577541346936015,7.867807466992287,1.3883948537954152,6.954437566867658,0
3.021801223186227,0.10075914712702166,7.67403170481574,3.2374645917335387,8.600350098569042,0
2.587742919236163,0.059372711493900714,6.381246949528473,2.0178322545297576,9.257878219392946,0
2.431157164787592,0.1883255900163817,6.745170094911518,4.602479874874313,8.25081735895169,0
2.548149069634936,0.1735517345408552,4.3546585994885305,1.8203696272744847,6.6074128418952105,0
3.5120312629057313,0.0,0.0,3.2473036506646777,8.242364303801356,0
3.1536497604383045,0.05272465600286344,1.5979394421951256,1.2899845571084478,6.7274863300279275,0
2.7076911346714003,0.05446774564087551,4.097976918668952,1.1387118976140989,9.969139691914396,0
3.4147374209658743,0.10383045352258298,3.8678404476133705,2.941619013551491,7.317537557953158,0
2.8256739327960703,0.13168305123870294,6.028779131964027,3.84866306896655,10.059133847645501,0
3.0232182740780744,0.08389859227539709,5.862691715501985,0.7417353706327121,4.460979527295056,0
2.5461219099265398,0.09119437830200687,1.7339197685709733,3.4911664042801798,10.492659622149889,0
2.3695580228324773,0.1301623750285697,3.2909031112228058,1.1934801675434388,9.85193225970446,0
23.130125711038943,1.6866577644350613,134.5994135422975,37.62591715151559,353.39457217444146,1
3.2682549217852017,0.0346315108884518,6.368748465585599,2.2387379252913564,4.274272827097528,0
3.010635788368031,0.17483552037229907,4.236571770063976,1.774277368387865,6.373751812307227,0
2.767797868845306,0.1809393819830434,1.9877611011349177,1.3551041413556622,7.244020508029565,0
3.1843366544364504,0.07219406266196098,7.840422699535612,2.9346547073366236,6.696095691953229,0
2.6221274202535776,0.13517139583936544,6.016980541428259,1.034785923249452,9.651705339655418,0
2.6881155196520976,0.08998237111029181,0.0,1.923134592996338,6.906323089610435,0
3.3541072116282784,0.14343862502953855,4.419171466893475,3.435856464085898,8.99782880192883,0
2.768291153593769,0.09531819056304146,4.823838718686114,2.3417539207135394,6.776968395923291,0
3.345071995855556,0.06454895211847547,9.170765982535968,3.110911144734433,9.499876785889677,0
2.9938766135765427,0.1456885810692793,8.954591201702076,3.4106923204208948,6.232154100343309,0
3.038410945530128,0.023120760177541236,0.883762438191158,2.9878615824065093,9.396850268768745,0
3.0947908082993716,0.05658695192008339,7.189458086802892,0.10541884952769709,12.440643716009763,0
2.0552296345272345,0.1095788698097045,5.073295520534103,1.4582267639883981,9.58137242005168,0
2.9120727977839644,0.21379127138238188,6.401756645548369,1.9260152184637311,7.636678145628391,0
3.3710637455359462,0.13344200652731092,7.139798752389627,2.4334524416994805,8.681729198496443,0
3.2609707828084487,0.09446673157213353,0.5671627792416656,1.4840190106509206,7.377583421652637,0
3.6089795761527794,0.030920414076820946,4.548595575515053,1.43615166814014,8.873535502220994,0
3.2568000532848584,0.11083415594821432,3.7056330663203454,3.097484971353164,6.228130149069779,0
3.2941586032422885,0.08941665090344116,7.096447010841429,2.3918287077161016,5.164720485545188,0
3.0521779687616064,0.09933476823106824,0.9511842328642164,1.9206238599796877,8.67956604427846,0
3.830629607273935,0.008945696535275188,7.3847693416266775,2.069085192724271,6.712255977783295,0
3.243936142435537,0.1462836104751361,5.238948747841775,1.9576681043397872,7.624612137156469,0
3.016398497705793,0.14211486635069515,5.370287545110946,1.796831471015321,10.902750922140763,0
3.048838049274416,0.12002406932531644,2.53736323277094,2.975200541684766,9.480842428095503,0
3.459227221971207,0.0823157120216497,10.092871339128024,2.1870077214747203,6.163367725343198,0
3.155625077271768,0.0,2.268539889405436,3.5907957421712524,7.188993266891824,0
2.4083707436671125,0.12332726557250635,3.1139892589074187,2.8627545919526867,10.698647855621479,0
2.4998343376972127,0.12550787344575917,8.094961323725524,3.3779743339254136,9.43182083225762,0
2.2485148358024234,0.1271695413935905,7.5487535931398515,0.9296794513481625,7.202815922172482,0
2.732018277442976,0.1105300419648821,1.143202657841683,1.5649473997641403,9.124184524165235,0
3.1737908526808356,0.15348857274919253,4.329582484289182,0.6249147668329151,7.38873589042864,0
3.340679755221474,0.010303944340401855,0.028569244603086297,3.6371217900017054,7.546613460202561,0
3.6187190673420697,0.0723411377326365,9.364478522439953,2.564498204047497,5.328786666707279,0
3.2117995327967304,0.03898396550280121,3.915115671882363,0.8092541992633284,5.032388289933353,0
2.935089650133287,0.12599510697643762,1.6376970479112511,2.924721805513421,14.857820956016427,0
3.8747883715934694,0.04369730195444749,8.46408130015016,1.3113055665547653,10.513756063349843,0
28.76757242537242,4.401356560237357,88.80928507118867,87.70517497535536,237.02066008910052,1
3.276625609992392,0.06642438965097272,5.378937543760998,1.55140312689088,8.378668072360332,0
2.447147665757032,0.2538430185090252,9.580437990731795,3.298693290993424,6.144571415431264,0
3.5975233144624212,0.08686702398419162,0.0,2.0466373665659656,8.889716441196645,0
3.099529847786735,0.1585099354598302,7.730647350994236,1.5754018339778575,7.568864113162101,0
2.595198240039177,0.06141140213035625,8.51198488795298,1.1621769388322183,9.709254621101406,0
2.848765156755936,0.12516260323747525,0.0,3.6235292108918062,6.799591550828744,0
2.410480104420099,0.0481466963215002,7.98305455944627,0.42277162908049926,9.392379431652492,0
2.9748976914791276,0.08127329246248746,8.644000340398708,2.0217130184848426,5.625739335433352,0
2.695243898920358,0.10772468327976256,6.066014586770411,3.1329263873010347,7.717516357862936,0
3.499005054929826,0.024988906927653196,4.3399459170209775,3.4056475975079636,8.527776988700044,0
3.0990423803839273,0.10802448119867401,4.666043453606598,3.3048347633193296,8.946434131623967,0
3.293428546900135,0.0930301399668383,9.591003693063232,2.6055136511241654,9.797453548027288,0
3.7869933816450163,0.14783515931928293,8.671809032713671,1.5047849019952648,9.708738640698844,0
3.4311967361913793,0.09263973606572014,10.667836386511988,2.537179814541736,7.859079319068009,0
3.307683742006527,0.08482178373670425,5.037565592989359,2.071287260549462,12.624088112719061,0
2.5453062726026303,0.06939165414225897,5.443267722200385,0.5777654984931264,7.841207237229012,0
3.3409764856474817,0.09730475754971304,11.974096742970254,1.715210590484605,11.653294158623876,0
2.5222297796997872,0.0,0.0,1.5647518029948317,7.731604621429094,0
2.696062369662091,0.05392744882855394,3.5016464213443594,0.0,10.567478867402816,0
2.951970050137675,0.14116399578388528,10.001770525248602,2.325259498229582,8.153465718785913,0
3.252023257758922,0.0719696181576345,3.1426311552502053,2.2299243454179374,6.940014136593049,0
2.56643489214455,0.11755827338135422,1.467750484252134,0.32759547418764745,6.310525182417647,0
3.9694644995291424,0.09009021618101401,9.366801437771894,0.9230454591220536,8.592400886709676,0
2.754423126428948,0.11540049511086706,9.301498515979535,3.3029284219458113,9.9959086442851,0
2.73698257866621,0.0719331001778897,1.009321233075986,2.0301406613151776,8.579660083741423,0
4.003046444079562,0.18386885439027448,3.4992169502399735,1.739391667666042,8.530576689567617,0
2.5451582915090833,0.050996884907969296,4.0008571370734325,0.47481456333780203,7.280319078439224,0
2.761171276617442,0.1302060444794259,1.466715626025926,1.6882144267439751,10.813615057465931,0
3.1082292947909873,0.0,3.9092801152549126,2.6534789819517406,9.086679193998096,0
2.5158277725681826,0.0968438493444376,0.0,4.116803054963853,7.972275730991457,0
3.7384672130591374,0.025324511087342835,4.789329138276123,2.767937663516537,10.76684815711195,0
2.841795775152599,0.04601318393620758,4.322579752771874,2.939735481747104,8.184842294678473,0
3.3348362744150193,0.04294957451236309,2.305918321026625,0.2605747557677218,11.924136723797057,0
3.1171073662682605,0.08012211172541393,1.4700651682998407,3.054620628487318,5.841052160850909,0
2.6499395925304134,0.01942163204485861,2.8484542978325855,3.046954534428209,3.0,0
2.989549203017926,0.15504106992113026,0.0,2.995167665158606,6.3226847249588305,0
2.144915803671687,0.1851586304959019,8.259142133617514,2.2377317279059863,7.574280234487265,0
3.8061391289943227,0.06672888509352698,0.778119669522793,2.4080960585699445,9.436663086388492,0
1.9579435302507058,0.021442382444105845,6.591028705011739,1.668760691121605,9.443842504816743,0
2.6322350287051166,0.04393781299528041,5.548983348935781,1.8517771111568793,7.610830673920664,0
3.0122550871294713,0.09612782696370033,4.223183610264829,0.49416759466937954,8.58966137841939,0
3.4678391965737307,0.15958537485535326,3.0411495325037574,2.283911058736381,10.077454118884365,0
3.1196234320555747,0.1707093644165545,8.86760915422062,1.7402788289234676,11.365325829296228,0
3.5935151527801903,0.09313445171055602,2.4756514576129747,1.516015660399447,5.897356371521541,0
2.787881833300978,0.0,5.64250682339525,0.7571284139368653,8.532430520305814,0
3.8596889531036482,0.12253065247156943,4.902556892473716,2.336322969321281,5.83568372834401,0
2.930867849414408,0.05698074946102491,3.10720749878663,3.073412702410445,4.242038110492345,0
2.9811826487875757,0.1506318704822036,0.0,2.4547043964167745,8.318786395552443,0
3.540390362777311,0.07247240341457561,3.7364035501612607,2.203943857515995,9.891881921278875,0
3.2962634746005914,0.04029052994538554,4.4611408357831,2.135491372316762,7.594693474355701,0
3.3430257299992197,0.16922660237969533,9.502529090841135,1.3875771090991318,8.170091720400364,0
2.6875907111521604,0.116083927068825,0.29603520331919775,0.5396975647907774,10.386484550282862,0
2.2986973641001534,0.057157406743610036,1.1889138610247416,2.010021151740569,8.283978901151185,0
3.457701058851037,0.09717057555500522,4.068827025867304,4.035531456719594,9.580782153070938,0
2.7282876144331176,0.1156189105233286,0.0,2.227028860388945,7.3339204485221625,0
2.903819517609439,0.11944893646760919,4.379046232704894,2.014287211883989,7.342221006658382,0
3.3051851327167325,0.04871236581798614,8.383058883549287,0.2315845743619276,8.809882707630686,0
2.7580570829728392,0.13480839985796444,2.438201274619832,2.4583179391254415,10.150206907617878,0
2.5300484494455677,0.08811583415195079,4.832443452041567,1.223305947027856,5.893061931853446,0
2.5310874800424386,0.06615024307707343,9.746350253910702,0.29522425577195577,9.517695531677592,0
3.2504222374722285,0.1078987156125726,6.6266090207271455,2.5501284812178793,4.0981990664212375,0
2.681130007874342,0.09250296404604454,12.589783247755857,1.171819436126492,4.853574120876585,0
3.223858462905139,0.14641228456721622,4.786639127508992,0.29479239222398324,3.811124946570194,0
2.455183481328806,0.13802530597920715,5.7565845627028605,2.509887247921195,8.193732064951751,0
3.0419133139646806,0.05300160854249668,4.148879814905805,1.8335144157184542,7.649513274071377,0
2.551372814257084,0.022713510665463343,0.9254752355672196,1.6902891881934274,8.28616987405599,0
2.82035395460647,0.09189380122600709,10.416723298060447,1.664484167966934,8.02330341537049,0
3.277756323171124,0.1657754145470052,6.440190853712312,1.369767926353561,9.799197475958813,0
3.009424811472424,0.047468833908609946,1.550877581307783,1.4046943023060177,5.363447415940117,0
3.1702946082002486,0.0012018350054190108,5.278806958048934,1.4887405421304727,10.280026572801571,0
2.3852252027737917,0.1548273559115127,6.824801499032568,1.592984108193229,8.366483820917438,0
4.082501172450542,0.0,6.200000016840699,1.4723462238216627,9.988828840180476,0
3.7113740680499703,0.09897197213247465,5.103000165706506,3.4744820073782554,6.020681424977463,0
0.14509511375284054,3.001251706559211,162.15883614858137,90.79191936669818,290.69546696041544,1
3.3238442690503462,0.07931972332891779,2.173819449277265,2.4986899121355446,7.344409888245074,0
2.818779529298434,0.05041516682798448,5.708670938792699,0.6353236740994583,8.132188492597951,0
2.9093879133909484,0.05356039592737707,6.348300547841786,0.338419010822008,9.10251184466942,0
2.446737045629165,0.0587173158598929,6.013298297163804,3.5184220306521796,8.764234341185036,0
3.5586994079512304,0.12158158148187988,4.447132994501864,0.8903906320969692,9.503126450804341,0
3.086670832185204,0.15169405274621045,0.6605053893779385,0.674718628047559,9.527890727430933,0
2.324157697191833,0.11645533893550648,2.701032425655721,2.1434176306814763,12.383276510109974,0
2.3880298666188717,0.022844088602856485,3.112886416389167,1.480165854274774,6.404355757114441,0
3.705229572601752,0.12383255204002788,8.571424955580447,1.0288101308620083,6.382411763167138,0
3.0148780697478728,0.04920605865050109,8.69210871495341,0.8169144847502348,11.214038016498563,0
2.8352761068264543,0.0496536319527428,0.0,3.9519290895174235,9.876822847746583,0
2.665927957230503,0.13858980886178307,2.8044280747523422,3.352759030614763,9.477132078404123,0
2.977243877349379,0.09648898192411917,4.650285960640014,2.632582799642197,6.903206424377634,0
2.842365377679827,0.13678109986228734,2.3192149588426387,1.3827142931211127,10.441430390990883,0
6.66981769454088,3.7941299551675036,98.4764988421357,44.06707566127814,462.31196147718566,1
3.470385593994108,0.11797378987735628,7.060573733036769,4.914109215768361,12.88184793091307,0
3.089790890969799,0.07654345728947956,7.552158183381941,0.0,8.86908019450858,0
3.3397988744673377,0.0980490240311228,3.105045426459068,2.0195458447981816,6.553853790175711,0
2.459471729795869,0.10039400923473642,4.39939623709889,1.409181651908571,13.006475610138978,0
2.3738032777934404,0.05911588016974331,5.3448253152773955,1.695332166244344,11.731454711936914,0
3.410951252187612,0.19090309612789125,2.687543591813932,3.542806773769682,8.909751601327686,0
2.704214305582085,0.11808305306235084,7.570926610948359,2.372842248655825,10.083465705309195,0
3.36632003860779,0.16173759570223978,7.025411169220762,1.8863431575009597,10.47096753900614,0
3.086590462925591,0.02324798762338201,0.0,0.9915669794688542,9.415356488054485,0
1.9321628930106522,0.09021507344265493,4.876255613062391,0.0,5.14146624065771,0
3.3692332899977053,0.13051080847946114,7.8622553064698835,2.216689097497673,8.65382172847835,0
2.9669601006763417,0.0948284387854858,9.62132371933002,0.47433759071315795,8.540168822695527,0
2.615013384470679,0.20981115710763998,5.045083250861291,2.6314186062724065,7.662456121124181,0
2.5945712443948308,0.07482151905461414,10.237576910819408,0.7295117544181784,8.876010517037454,0
2.865734676047084,0.11536728083539852,5.352765889661606,1.5402586049369609,7.425835593769982,0
2.7419776358913133,0.01998644477481451,2.279291375833817,2.503232384532496,5.968985122373358,0
2.7661493993440542,0.04053837674614355,9.816859497695354,2.2156687709336187,6.014681969096838,0
3.6707379577654407,0.08847068007381936,7.720361818797196,3.356106714210325,8.73563913688773,0
3.0823804206182586,0.07129496623582009,3.1098547059549766,0.8345584737789431,7.695000643380161,0
3.1005495233574836,0.07726026413111536,2.478521043479926,1.2468826693794202,4.690979210174508,0
2.4789777938784487,0.20491107372733736,1.506009954462816,1.5588233092062396,9.013622795326098,0
4.071135179305932,0.13917948323993035,5.097916510072614,2.064791350123381,12.688107557665251,0
3.8520527581277455,0.016276526977337738,0.9014049869932474,2.8219214824159002,8.904579985141837,0
2.9209960507105053,0.08820150063945142,3.819853106766029,1.7018474738000997,7.708311134055621,0
3.146536236649341,0.04807280895780139,7.173775336169367,1.704943810194358,9.400419695037531,0
3.3494142101012674,0.04730822523178272,5.262174286760365,1.9216691510698427,10.928402545047174,0
2.1257340133809097,0.032472201782850846,3.071670851300156,1.6716790573094402,8.222537038334979,0
3.579664901682124,0.14197342522592024,2.8912656858812977,1.6982015066037472,8.258843353630601,0
2.9031702703601407,0.15289070904103982,12.21451262676192,2.000223947995788,7.053785173278955,0
3.1909677261157765,0.16555837489013123,4.073119956206278,2.599089759263809,7.749426754461124,0
3.013045525105417,0.10840299029834102,0.522613189982021,2.1879417764327567,7.437575075423423,0
1.704478853927545,0.135793637234548,7.59220994641684,4.572752389244474,7.732948529095023,0
2.8074588597918417,0.06452794987862268,8.06010952070627,0.8713654856207929,10.220999731294768,0
1.5518723109031554,0.061058147858978264,4.617779382830121,2.2007385407583895,5.090770502845678,0
2.8080143640238244,0.14289494126456714,2.835292752979912,1.2771652048217503,10.950908262084589,0
3.228376609576892,0.08802490389891252,10.418267353510885,0.9654020403933452,9.577508087770894,0
2.434692332531237,0.0740666640189395,5.4900040420326155,2.4137542029473877,6.452720310123739,0
2.8601199157520827,0.06741624389217922,8.62703059670299,1.3361668971743097,12.63503246239371,0
2.967124869463506,0.10861271932055189,1.7760168817014108,2.5477389787375606,3.540646718540038,0
3.006964645956473,0.1003589233453971,1.1921266842706872,2.606942608386638,10.68937034646123,0
3.4345780321946364,0.0016337467887002771,7.965826380497524,5.287761187388739,11.644926685987581,0
3.0035315793140884,0.08264067524438688,5.4463419044219155,5.3777682412893615,6.1307821748195375,0
2.3771306106440058,0.06911791615331517,7.8726114898393025,2.3465270183130005,9.599774579411967,0
3.5936930257823754,0.01916433125259928,2.0083151376836716,1.637144372626393,5.363815928408989,0
2.7345656135398397,0.1087768114789299,4.867180040466054,1.7574169637102062,3.7337615645637783,0
3.3607812525630716,0.181836998091532,3.2683138228682873,3.423898937246851,8.983628802175925,0
3.886125798334872,0.19725975371384666,4.880220609879909,2.1841193983281695,8.802859318734924,0
2.4717211786198736,0.031224455521562874,4.3145823685713784,1.0099862860968607,7.924170643734461,0
2.490167830653942,0.06913938766760193,4.7636347997591,2.3476735422449995,6.4747541671289595,0
2.5872947350105227,0.14208903873920065,4.083102672779614,2.1246633934075567,7.355976058765191,0
2.981481601475794,0.16012256239915362,1.9433901287997943,1.6925390999848577,6.918473290045556,0
3.392900079325416,0.1681281426356226,1.0536760788504633,1.554204686173183,5.437170040443947,0
1.9380521378450966,0.11062870153161075,3.4544873027239467,0.7409350885518067,6.634129787369628,0
2.688675319132774,0.13227938560870967,4.128675553966552,2.878654850180379,7.725576593911599,0
2.309949270892554,0.0361847791730832,4.156507872606328,1.891472157435152,7.574560166138161,0
0.13374653462150377,4.971847297811032,154.2570110742456,146.50759292663054,353.2543420373241,1
3.379484610246634,0.189089945438553,0.07585965319370924,3.202249003361171,7.1332988898309475,0
3.2043264057403356,0.08625773496651039,3.2218915311286804,2.2922654561557123,6.13766947844608,0
3.149376454182843,0.15730137875067077,5.488389854299737,2.3736534056211482,8.723815672721976,0
3.0578373171464293,0.11039012536766568,9.427637451511895,2.384209221649462,8.346135297141107,0
2.560092823248973,0.09047769070353917,0.0,1.807393561239194,10.562990798506824,0
2.985368593157511,0.033269469654488376,7.416724108418521,2.7932624959550307,9.390332035236511,0
2.5175382697099478,0.11262844229983118,2.556805437661029,1.0220611644473614,6.568065553632115,0
3.4476777153812996,0.050933703174126765,1.43734049967488,0.2623138017546567,3.678174794466556,0
2.8914914747878147,0.16119743765730024,2.9484532985012715,2.2753962341432086,8.077789032472488,0
3.273548690585019,0.1880594062433687,4.794660522000753,2.220189314205133,9.103360464511939,0
2.920735213486515,0.20489696695662157,7.2926396100165665,2.6457976416037114,10.134935702141371,0
3.3789609249618096,0.12030280612140405,5.846108631386661,1.2823608623894593,7.700829369365247,0
2.8677425793446947,0.0,2.8012218856743947,1.8255560657147178,9.84617458490026,0
3.2366188122867725,0.04016056767868442,6.250404723449342,0.290773600797404,8.818425157213094,0
3.155453782799002,0.07403018140869368,13.339890872670669,2.3247815941101146,6.704694487243909,0
3.228886433075943,0.15420991220217714,10.422892417012058,2.1426884122016303,11.526597600599139,0
2.428136896339669,0.07657519433198422,7.110476444675074,1.3107233768476123,9.803529375880569,0
2.2384065476081125,0.0831806527294432,1.035332640466847,1.4791070960962367,7.923477435071688,0
5.458484533177677,3.2307585917857278,172.46447125824142,111.92150931597472,292.68421872541757,1
2.815194831978183,0.15200309099512882,2.175790492993926,3.210166095365319,8.698024537256158,0
2.650137246003707,0.10783468641232624,4.495098730485072,1.903787737959421,6.068664172305538,0
2.77055786856553,0.13829391397403074,3.758315173175429,1.7832682108435383,7.028819775909982,0
3.1620285141107805,0.1246441985925935,2.0359915459911773,4.017775813175065,7.917438453215259,0
2.4540330498023435,0.1505137293418008,3.932195248739088,3.4658359786029633,8.429065837772832,0
6.984044618935759,4.50163932363945,158.58716255931057,133.7808369301254,340.91083419419726,1
2.700312488523114,0.12848801785993236,2.5579679921253327,1.606648875177127,9.379880553792173,0
3.4765625226880434,0.12824211793000614,5.714513918418885,2.9442148402518145,8.853967367724199,0
2.6782408848099286,0.11002298157068646,11.866371982640867,2.0035826018327834,7.745687941086539,0
3.940578534720295,0.17640156796939166,7.559495919239575,1.1539603273723655,6.749785158612695,0
2.8522992949304853,0.20774643386915712,3.9996179204546842,3.4545384608877576,7.366793114193852,0
2.968660451363414,0.07611772086979975,4.181466360979607,1.8264555824386126,7.6088135263015495,0
3.0321400095477316,0.05765745169373177,0.721945648638644,1.5084555861930955,5.283486027755027,0
3.107046872065102,0.21408259182694214,2.9786296830215706,2.618068493930042,8.521732349443951,0
3.327182828177029,0.10170137055361161,7.045230226445425,2.1279272023745794,8.43713777774743,0
3.169248203747207,0.2062385701508481,4.1362817693962395,3.46644239118858,8.69619058357469,0
2.9065641779193205,0.05030686625825734,6.324987692558182,1.4367902659573797,10.859039317051984,0
3.0994740733982473,0.20112951152847408,5.806437069236463,0.9367413134687219,8.251117044947156,0
4.280042269134397,0.05934928138699351,5.891681664755259,2.19821732772082,6.826510478539976,0
3.6645762650662155,0.19452203425778913,5.696283913785612,1.2156790296997442,10.089960990266388,0
2.932845629264726,0.07621022779975495,11.16258152376821,1.8503640557482075,10.56070404167427,0
3.5962537562389874,0.059069748666996075,4.4136954604317085,3.3662147852057878,7.240184066918846,0
3.1878490091728358,0.12246093606425172,0.48039790942880245,3.07168037389059,12.897173976348114,0
3.00517630992169,0.07953457629521395,1.646217175889781,1.3462579701930326,9.364978418521273,0
3.1301609193856104,0.09292371233165259,6.633747202380884,1.4661553561850815,8.093363468323922,0
3.204303653850884,0.07166474459724737,6.414173788294972,1.8271866481065937,9.844346913014173,0
3.4240871063333342,0.1346961616595629,2.0539415083672856,2.8427740300990267,8.20147161624269,0
3.2798952239655197,0.12321849317732872,7.053351432909284,0.4524302058636889,7.262393469622262,0
3.4450992055623932,0.033464743433453695,3.232238807614797,2.605133015758949,8.20593048492922,0
3.0202958456019413,0.06868423619084965,5.4704690482945795,3.1966271208272423,5.357581536287742,0
3.4203100132522763,0.0571915079669125,4.987781488635695,2.0657846894747496,8.065671618202613,0
3.1126539610204706,0.13439664860257142,4.135549212732451,0.32049720708659657,8.383844010072227,0
3.598285750832246,0.0701685470694135,8.114037581947887,1.055091277314933,8.086048970030253,0
3.705466189873135,0.13989972748061183,4.337204825181162,2.2808911266011713,7.386623568959,0
3.354151923600532,0.128338586309209,7.724067987608574,1.5774315809787816,5.188280628269069,0
3.0073440973645984,0.12721101761701736,8.82332068354671,1.046842495244908,10.009658298966475,0
4.286679901624931,0.10746817411355945,3.364738310013229,2.4202685290565613,8.321370996251305,0
2.798175768379002,0.0,3.7466509624591433,0.8847827720290808,8.751493763439317,0
3.44344369504865,0.07937604940560317,8.365067427163757,0.0,9.68216307721283,0
3.235734178567998,0.1175739950176101,5.577954597944074,1.4901060471343672,7.943021750979214,0
3.3356700382252327,0.11321341358228183,3.64939432500247,2.4414197598929506,8.421270890430117,0
2.85008090186256,0.07899861363529187,4.942633460438878,2.019290880373943,7.75630877737793,0
2.234446248722139,0.09112020026206305,6.840380497015511,0.8465174691113564,7.1443315685642546,0
3.0986461328156034,0.10757015239758663,9.546241446044627,4.426178003841775,7.582987138092499,0
2.0624137651771277,0.08671977198569475,5.3419120043833175,1.7412355881276214,6.358322082299417,0
2.6535474011020463,0.07309761207549308,3.8667053374325686,2.4025162097353214,8.076156038792918,0
6.853754770513973,4.195137604887432,157.48097208422536,155.01250045452957,274.8607712987541,1
3.3431592284783505,0.14189152676147404,2.105320099440847,2.1288496213559145,8.131696995131836,0
3.2120305222320447,0.18047603328879866,0.03432586343170119,1.1552970012970172,6.67367524838142,0
2.805740773455557,0.031308258755067,5.9627901857769725,2.248305475735984,7.338378960955456,0
3.097053815476679,0.06842814862584085,0.0,2.0283202636777644,7.968444622200659,0
3.7262337672353727,0.06432076650464122,3.4370943463067127,3.604735012294853,6.876678886149148,0
2.993955526076973,0.0258507784008791,1.924342742787701,2.679373170574121,9.695857506710563,0
3.140595711984688,0.09196844402372528,4.259826727656678,2.9099625408605587,10.295605583519505,0
2.4660985392104036,0.10170040481140735,6.559613054305735,0.9997294772232117,10.233958855280257,0
2.271224250267535,0.08471946929230983,5.1790756417392085,2.9165676137777012,10.196471607046853,0
3.4040288991405725,0.07557619599448202,0.15246058709950372,0.5219977446958157,8.78034438576017,0
3.4596144672876017,0.055633527057211446,2.5906674981400566,2.4572248119493434,9.197190182888784,0
2.9826575563066093,0.05149378698101782,6.157910277706628,4.165521452206557,8.99276329305769,0
3.4928649978399315,0.09827246880230182,11.133444671599833,2.3351605665351176,3.911339047597851,0
2.9589244108037156,0.07096758487230245,2.005716116692894,2.2541276870714353,10.04977286553186,0
3.257523843153024,0.1450199294197532,4.810178120309253,2.247271452108756,10.596668979550834,0
2.911612918442109,0.13487934851695996,2.635857130300976,2.5790615726946706,9.751312726456472,0
2.3003469125990295,0.11990241082546313,4.014874221749593,2.293008807258655,10.770875563312764,0
3.458930973527388,0.11490792329952629,3.9265161996761995,3.677200509966096,5.4056714072685565,0
5.914986554908057,3.996385609379448,125.51853780343833,44.70235516577855,226.8015331240306,1
2.782751886283842,0.0553606242254058,2.4080604527717653,2.8225729212004804,6.0792938957157725,0
2.7540487762468975,0.12294970008371456,6.036242544931561,1.8795025861006405,8.899425214993016,0
6.731404504607773,4.981289780353385,179.59066403863423,199.80043011742222,373.282824964262,1
3.25751763360433,0.0613670277364588,3.8016035285814413,3.0525473107347487,9.665890885650082,0
2.765412173947648,0.030700602880050096,7.427794094725957,2.701823040543344,7.681342844981298,0
2.661803848970365,0.11555549955715977,3.264620813371006,1.513368811810731,8.958005248183978,0
3.4595382414938842,0.04724553159116525,2.526163970704934,0.0,9.133520762235316,0
2.882689715021293,0.05008938707442974,0.0,1.3239456334511952,4.1767155781619145,0
3.9328872555723784,0.03812866808887138,4.5243869227506295,2.3128222367668463,8.212145152773676,0
2.5141929807446743,0.05178999642883777,5.427133737531399,3.4985463606698537,6.55122966975566,0
3.3226077929750284,0.1154523721516327,7.205807929924962,2.291658933189046,8.16228766369924,0
3.4302367441798727,0.11133421242472986,6.383816252953494,2.3155229409202533,8.69477968341711,0
2.7818070547367157,0.07152751127539449,1.4174400457644674,1.9701962181485593,7.803937857440424,0
2.339883396489679,0.0963013568202811,0.22957450795910628,1.781994368878876,10.67094779570131,0
2.537287686970206,0.06877447724557113,7.784046977455061,0.815048058773925,10.984529018950118,0
3.039317595158045,0.12977454488196288,13.132382897121598,2.6731336922329687,11.116768023761564,0
2.972852566741094,0.11063698879288303,2.1902239812690736,1.9711833984113767,7.087008780991809,0
3.725571803897521,0.17254637741396062,8.356683793792008,1.410084603750067,9.075951939652978,0
3.150553669595871,0.06753175901930596,8.563140152415365,0.5089200763885264,7.28310762138665,0
2.92216138230396,0.021607028731727207,8.470501343110968,2.0722883471248696,4.818308286282608,0
3.2048813979797486,0.18579538155663472,8.065888330034426,4.177320381042222,4.271460325487055,0
2.959238663449177,0.13620682796572486,7.378133053200994,3.2364895121841766,6.32762577092335,0
2.5507660091044815,0.020106393275258122,0.0,0.7261626748657957,6.930455487884393,0
2.8650625323533143,0.05133105809864827,3.48710595256213,1.027172107417043,8.040027610003222,0
2.438638989218851,0.14894447792783896,10.613223446924342,1.452808211117509,8.56316681017167,0
3.3611906789138857,0.04027385301169825,4.323519729996092,3.1064571522946443,12.220685304192756,0
3.617891095911077,0.1136210698326805,4.43242945617476,1.952014205149419,8.917200907755262,0
3.6093809258486584,0.04231538593300708,7.173473181145183,1.4673932433265036,6.489751203102963,0
2.1535215929023073,0.09953557192160922,8.561233036225266,1.922077264321484,7.599492346374449,0
2.6345349800290405,0.026153753623404927,3.6344032855515227,3.3908335481766434,8.144690434638363,0
3.0466861871383255,0.10204623743644614,3.157569406258446,2.8892634247589757,10.07277181717405,0
4.037041334874987,0.12236969685344878,4.045524495146213,2.0353714170886392,12.29647840391528,0
3.0077895237907337,0.0,6.427255975494596,3.117933822727152,8.861479867963702,0
3.2197506153101134,0.11116404566276854,0.0,2.3805203053163027,5.76121824050818,0
3.4125491323338175,0.13645318225011824,1.7587780121644947,3.444343411979945,8.572546673554886,0
2.848410108582862,0.12367037078562333,5.005384618634321,1.4617628699252108,5.374678878401443,0
2.7115481721687984,0.1069530199326709,7.264876298425893,2.8083595496657083,7.804758608451848,0
2.696089006452784,0.07643421394244411,6.988523279064898,0.2849066528174611,3.612704147482253,0
4.0383739917804204,0.004417972467412143,3.0443342524058576,3.5668547072137864,6.504429791268036,0
3.7408317012312993,0.06980808512534067,5.960563564765619,0.6995497710780862,4.398458596154728,0
3.2910132835423633,0.10230031933681705,9.708885760818479,2.0076731933215064,6.650124286173003,0
2.8461108825234995,0.029236640403790634,0.0,2.2183387504421606,8.330769538047726,0
3.3967443602761067,0.06564929501502514,0.7511934219781775,1.9876340617576356,6.287830255998177,0
3.594196636724042,0.09018596743060317,0.11806481615805353,3.7127114112762727,9.687100582444241,0
3.4248010485105125,0.11690117405508542,6.308707114403165,2.407090383398832,11.203985309226827,0
2.724407141835733,0.03237456552796389,5.365533392397362,3.333998185876925,8.473084387229726,0
3.2853064986097653,0.1351571271110002,12.516346716070682,2.553627409358232,10.345788557262956,0
2.394491900118772,0.03804736487366788,8.766049340865425,1.4030279720988845,10.176184926417179,0
3.307967803472132,0.15286841526891126,6.39929386223695,1.772107441234166,8.061698985513878,0
2.9044861186999156,0.14084185057154908,5.031637135223077,2.970462636906666,6.2596736844401955,0
3.549388425993595,0.12247369564161535,8.636387612700458,1.0469595366351503,8.882071669701526,0
3.6041831152965713,0.15384240723288403,11.37366868948704,2.087204992037267,10.572504172909717,0
2.8454139382656805,0.12568072321155482,4.62040226075882,0.6884560339629988,4.489795937457677,0
2.6223085338233387,0.10892383319426949,6.554656851336235,0.8430035443356361,6.407419622015819,0
1.6262475786373827,0.02606114380768572,10.21395495537056,2.04052294231701,9.19928728145007,0
3.6357775474970793,0.0958141020075394,3.3506319210859,1.9929370954491703,8.403059211565004,0
2.926198706850666,0.056076309932897,3.6791760894475893,2.815594244596163,10.419787920038209,0
3.248349611618261,0.0,9.037805023514945,3.8507811424357334,4.418698014086574,0
3.3541782236496767,0.03336113012601752,3.6204222130545793,2.8582704301818715,9.44197830686184,0
3.0283249624485538,0.09900631823158443,6.905987585648619,2.2520037612019284,6.5115132660888575,0
2.625756731721723,0.09264872882845751,2.959479570956147,1.1072266927238492,7.692204452028729,0
2.512063373511334,0.1626421317213742,4.206362303885833,0.9243495164251125,5.636866841795175,0
4.044769360847386,0.19007150496332442,8.363564427709715,2.5102522224050183,6.26233702422058,0
3.163066511121059,0.07141269790219694,7.991178069360924,2.123906816521071,10.846529842131321,0
3.0409370696931615,0.13607396618786716,9.110305560831112,1.5865512965282047,8.25434783838857,0
16.094245988512572,2.5131439103538766,129.7727376478068,187.78468755225916,499.0540337393976,1
3.099905216859357,0.12431549966751108,4.330185234700071,4.23697107706163,9.071280450033218,0
3.2508913680837725,0.09660643091502591,0.0,1.7453920139861165,11.986767001164829,0
1.6515566785292142,0.11293305739276942,6.658715685798445,2.501900233700672,10.394977080076348,0
2.9395259256961093,0.07694151339826906,0.0,1.0060790708246068,7.295900687935417,0
3.5049085446713173,0.08914344625268988,0.0,3.0556942488831496,9.568569506527503,0
2.2175986143189723,0.16725738102262072,6.3370337212457715,1.6348670622042154,6.402296911965408,0
2.774967264260378,0.1217987694750023,6.564348197178587,2.6235257988258587,3.453655594906336,0
2.6918192959802614,0.0994566431482514,3.841992273051682,3.1127981956129065,7.303144099416812,0
3.2731421240018497,0.05889619940860363,5.499913685935516,2.082864841868996,9.412133899710861,0
3.3608360320216177,0.04402269358084157,4.054200998251233,1.602451303454222,8.957362361301874,0
3.650870644699399,0.06568604321224578,4.05175111663108,0.7705048422919121,7.634563076371345,0
3.492161199238292,0.05159771207448774,3.26565962385307,1.0011791306659505,8.789288166713332,0
2.6690089111016952,0.07856727365417335,7.994652967915189,2.849644782706652,7.549303732573985,0
3.089947075576739,0.11391743173223348,5.943333772624557,0.5806156442039594,8.490553864435215,0
3.556344187494963,0.053622333459413606,3.6922955927287013,2.097488939023697,5.123146562449191,0
3.1912048730920253,0.03141284353682472,2.447347732883304,0.7486438177607131,7.636279868419676,0
3.044790340627624,0.08821443775716659,3.6190797122769105,1.8297762080288207,7.652370299061258,0
3.1654401161072285,0.1537671700978449,6.008833667742687,1.4418667403425494,6.9398208279902605,0
2.6659547731784756,0.07882007091359115,3.0169248361175174,3.9074906725532683,8.31419730128766,0
3.1448874284482065,0.11163933714700819,4.09134426860302,1.6828971674260342,7.824892907093121,0
2.7896773386173206,0.1427777829510356,5.691832546298643,3.0219631550600035,6.162767082953935,0
2.4636284871300966,0.12936958499030063,1.2303039921636936,3.6923130191048754,7.957335236737825,0
3.486277224813365,0.06201484412598565,1.4954665164493992,1.787548297286944,9.446140648271157,0
3.4066025933739885,0.036215867000213425,7.223959450723743,1.9424970312050835,3.5834439602398147,0
3.292206490236242,0.057878368493683684,4.96894313027679,3.1378577759693718,7.638693235908558,0
2.5863845282238387,0.05101393876415966,0.5024563941269058,2.3090468350240347,8.297521466671393,0
3.851107472317619,0.07512137508453931,6.426004776282474,1.2067788027929656,8.280933951469713,0
2.69800740664209,0.09820872106467686,6.745345311885088,0.0,10.317334046682603,0
3.1403182022450684,0.032591147728625494,0.0,3.2160065389114765,9.360574331435513,0
3.129861250860741,0.008415887639698694,5.058798849732885,2.17560354980437,9.50409276723766,0
2.5651684593626527,0.11241625712579412,3.5582767603925767,1.0341732291040358,10.009643383515826,0
2.565853634061817,0.09682132304069394,7.8288158596917015,2.4301429743153715,6.9846144596398165,0
1.9233049431981426,0.15638901253169493,7.223221342046858,1.1453753582449342,8.504426006725726,0
2.296841268164083,0.11395419291725926,3.841661671741575,0.7534380338405735,12.615376455470901,0
2.5057044464245415,0.19067038492577115,3.7561084735579082,3.5089188942669036,6.8213268708296395,0
3.3594766553325335,0.11742975599304903,4.447739398952242,2.01433642217576,6.456219249628091,0
2.9927738645608604,0.1317983875355869,4.19558258227471,2.6467439354186446,7.076048804057432,0
2.9047484470010945,0.02277830758758778,6.042192459304286,2.4595754883110654,5.446763599510678,0
2.053192666523107,0.13664145409108724,8.833569965091542,3.0844775248572875,12.961301835024287,0
3.132010040666835,0.05007795735616409,4.0782613230148055,0.6706409410659362,5.611682687817367,0
3.1116194570645797,0.12515451843118736,3.8586322875009467,2.1334994190613714,8.079598908232033,0
3.462135069768915,0.1387557560794543,8.489002909115912,0.883935823928105,7.348973174010127,0
2.5009696863427937,0.08436657771338214,3.5601060718633732,2.035295390745216,6.486439265958266,0
2.9349284728161575,0.216002036100863,4.681728093975739,0.9018136162218502,7.509385027624395,0
3.4420226981805246,0.1109651168600218,7.61836224340883,1.847981094367302,7.25487543885817,0
3.9791737271102967,0.09283705423179037,0.5461856242410414,1.7910820426291283,7.905882918451227,0
2.8453938120743927,0.11021945158014884,8.076896341617747,1.8850490685081573,11.189840416172029,0
3.432877597085061,0.15293642649419395,7.786796040596645,0.893267012270549,9.841019150131357,0
2.58655982298007,0.05169216383147915,1.5375098456613756,0.5378895448045853,9.522384745403016,0
3.342753869395102,0.08825378642395128,4.541435024557323,0.8962414373976835,10.077455799829824,0
2.8738232489368563,0.05805536629871319,4.8535104921988905,1.3280826895350093,5.289827868449988,0
2.3717465528603716,0.12154312095075187,2.037431112719016,3.26257740696415,9.67845028933758,0
3.0542798528882615,0.062061737103231256,4.7665356915905805,1.3150038498736074,7.858732040696052,0
3.3971323398109137,0.07017942960155603,1.742756867655352,0.15188988761146338,7.411753639247661,0
3.021905735989555,0.19344089202719267,4.827807608639619,1.3373085165119645,8.230304628880951,0
2.8212772885947865,0.07768397423828276,5.891480071424665,1.550349806157186,11.18445014729755,0
3.1246918418553777,0.15047358942979844,2.9403837405386932,1.2821467856459645,11.482767310573411,0
6.502116771481656,2.910764399450798,136.83627588475937,89.73103243640274,197.91382424776862,1
2.8970702845598297,0.19442184698071285,3.8746730151693063,0.07473778741251458,7.197653656505222,0
3.349111656806795,0.03165708183595868,7.122373132593143,3.1971785314619128,7.703642933003541,0
2.3306971001383756,0.07588432145318486,11.64298982766979,0.7212641451807436,6.588391889768701,0
3.3341702443590404,0.0,2.0659309294322954,2.0315890061525783,10.953487341576581,0
3.523658853310724,0.10169513618411688,5.861817542082281,2.1842172295300935,8.272622591127336,0
2.8895152002333884,0.033163728056203476,7.427338372194136,0.7504350880759949,7.42268367864154,0
2.4488539250817882,0.08325985062777491,3.7225460049003463,2.6232358966388176,7.352701910581678,0
3.923318498023833,0.07938896274877649,0.0,1.8070186322393105,5.628295341522261,0
3.5176246673618765,0.0,1.239794845114944,1.7197172869228192,6.746999567913346,0
3.413023585720753,0.15919937215984448,5.584865277236562,3.2762639878735547,6.583627677280835,0
2.5988613653891903,0.15353052799895933,6.049771145748178,3.378142680497613,10.224584899783455,0
3.0704431234556018,0.10840076702662643,8.78254855999793,3.5407523765167723,9.27579663251985,0
1.949986746174188,0.07871221976742047,6.699806445178177,0.32866773236522784,3.0,0
2.8234168535946558,0.13117035691399578,6.448370372180953,0.3346153617590004,7.538578055030354,0
3.2209703247847044,0.11206201242033648,8.496784685432385,1.7216897441234238,10.613234138590094,0
2.77395483358346,0.11996588008595654,2.06520305220128,2.5775169546072116,7.693838991037195,0
3.6105168477626766,0.07561473135256278,7.956199134350149,1.5887395695165167,7.129613335604414,0
2.6490041560966224,0.12470319594877599,5.843691476655812,3.516116180355043,14.193177792285098,0
3.163463686882081,0.11603928629663421,11.42902116375473,1.5105857655055797,8.63767480676085,0
2.4893835914346436,0.16247524503530794,9.339689873754104,2.3120621317267385,9.930528768760896,0
3.8167157661505478,0.1153838326700557,9.026540393734562,1.7203872800953233,8.699495630495964,0
3.700799296473215,0.13794122080818047,6.131789778026679,1.5302702035104023,6.245288529690212,0
2.115780317218574,0.1472605767305742,6.849991929413354,1.473517645205077,9.740120433814967,0
2.9277406646422413,0.0773292945808073,3.4890492188732107,2.432850402519974,7.57833056269084,0
3.209199110444342,0.1039786767471083,10.922236063235072,1.1962763391053146,7.306053093789766,0
2.278072591933229,0.10422333931949737,3.4132508626860343,2.5399509007551027,8.68954994518459,0
2.906514348507277,0.08317237050609133,0.0,4.0604226984446985,6.286996085761155,0
2.5765193258408363,0.11217651020931724,2.7867898859454776,1.60679899631781,7.084366060819629,0
3.526576426666452,0.08371944739257482,9.197683850213478,3.2450410082232564,8.048959339703822,0
3.1639397620796785,0.024051510959334263,5.695192826091177,3.5330125422491827,8.804524689328755,0
3.866257499742546,0.07408736805693988,6.0051630557365145,1.9254073229919237,6.281123626409379,0
3.038684153823809,0.12480995936816583,7.873981824440057,1.567340486603408,5.82097318345309,0
3.0342814874030135,0.09812146775102594,3.357777431699381,4.013554294648699,8.626483387387232,0
2.6037900395000193,0.01021784136849925,4.482875127639014,3.110753172414642,12.470854869513921,0
2.932860418906848,0.18037891531997552,7.777030273141608,2.4532219022828974,6.112029969304223,0
3.5865623187933204,0.048629822423699454,6.16645673079114,0.4855859376018794,7.9065010921945955,0
3.0970449964491538,0.0970292409363753,4.905444460015688,2.0954620413582967,5.830064025039046,0
3.3202398976004117,0.10005549723436466,4.563951733058344,2.787276293122914,6.5032336386179335,0
3.4796354130426033,0.19035983218189428,8.823285280062745,2.3310389028172134,6.094277918827399,0
3.867981901582625,0.09604663290677219,4.07280128978522,2.8229885920033215,6.684083744668977,0
3.6585575336699327,0.1740980384218268,9.116813949823975,3.4043162819949524,10.889700574519615,0
3.750379895317155,0.08058265308494209,6.676171510833456,2.3589175837406593,10.039857210855509,0
3.490882743495797,0.06750865572512818,2.436519611785837,2.5025462464541817,4.910800546188753,0
3.1639105864215424,0.09853917970730075,4.718289293860859,2.118330218898202,6.089835423728345,0
2.5907856670289995,0.10435082401961933,4.664458687741061,4.001922459248361,5.431603578177679,0
3.0724439165484454,0.1486863115426184,5.6143936318457515,1.2413347984572276,9.050289317576542,0
2.6743215531040856,0.06193223650955297,9.508202978916763,2.1973134122902667,10.68886781616601,0
2.894434880586153,0.13138031487809157,3.6539129521415474,1.995798084608844,8.883817844328405,0
3.4879083596723546,0.047218025510070184,6.9156299518027975,3.5571608896986593,8.492367888591934,0
2.473292218413172,0.16782916929139913,4.5519155130510764,1.8925551182057505,9.637097432879997,0
3.052100551975938,0.07579130243756316,4.494740863913357,2.6400266183843293,6.828098462572376,0
2.768862355647479,0.10797312534020646,10.01860460569559,0.9844186203494549,8.191215088225155,0
2.828642741736615,0.18247404471619605,1.5997369451221308,2.733179317422558,7.700243932955663,0
2.6594741712625596,0.04488651297720723,4.845373374177045,2.701389893809499,9.664801077181119,0
0.14029743725641228,4.866901544209248,152.21475187427967,91.46443429794448,318.9569576125134,1
3.1404959338675162,0.06861330469577473,9.346460325013147,2.02012112958086,7.335454597499823,0
3.533337344794577,0.06000297466490329,1.2665406503334031,1.636824441267184,5.338701833958748,0
3.2674086681729553,0.06732685521375964,5.133656496713454,2.336903263976616,9.709889302112298,0
2.061723646979063,0.09058987806135894,3.8474550028790735,0.14406671281156336,10.660687014979437,0
2.5217818115909956,0.2190856765866273,3.8046641750318995,3.3655603704321777,10.748271648300218,0
3.5743186747143576,0.0507732974759016,7.001735442287726,4.801372989634979,6.1403041032146986,0
2.495956844541298,0.15371590063577809,4.419717114256383,2.5168252658244508,7.300059839297423,0
3.1659901652845073,0.21941859964352195,2.857804646053464,2.0462116036709173,9.893102722846947,0
2.6135611660881954,0.1194802262045994,5.256539988918797,3.089272246931099,7.3694436250957125,0
3.235707778193202,0.12956746208792003,4.121943623074169,1.6152079763959293,8.446040605924326,0
2.8494481522053556,0.11121082021453965,3.9317238541428345,0.17434200433539204,9.61972396974175,0
3.6278780627867606,0.1327487792110845,3.8730990178479794,0.0,7.22317751802245,0
3.273559557587605,0.06581828588568062,7.655768962597881,2.8995613767383075,7.486810328420953,0
3.2411244763403286,0.15450917355102234,6.375167029871205,1.4226579842916662,8.282957905869347,0
3.2504585938121906,0.060222146602955884,10.077039717389614,3.8478669957021028,8.971494294910919,0
3.877670421221602,0.09613894773884772,2.5345555147359624,2.2802359460024944,4.918484383369275,0
3.8777378491577448,0.09773728490178318,7.643186562141996,2.6463201631358255,10.325805145088278,0
2.546218168979201,0.012618174508586918,4.081958136927773,1.7503444617810806,9.676354439198875,0
2.4244929581902466,0.11011402038106097,4.1827192972073854,0.0,3.162449065861159,0
3.111893975819449,0.11215023610271999,2.7995537999651616,0.6391650216989209,9.635069019690595,0
3.353875967727738,0.15009124268409688,4.903857517508859,0.0,10.595880387070265,0
2.904548104136351,0.07449195931748914,8.7104973983818,0.548165254831565,8.362955763758112,0
2.4062007904852436,0.0,8.320131272861952,3.3161760815300223,10.113460861551356,0
3.254134319837295,0.12254813173882385,1.630414847373867,1.6125113367303097,6.499482384616527,0
3.5548499209781115,0.12889892618197787,7.983674707224865,3.2721985542500978,6.498199268088364,0
3.1206609674583907,0.08080626293346087,4.702056986623904,2.4189116113727867,9.393861269925516,0
14.57198281546081,2.316401745088993,139.54554827078454,45.57064580455968,319.21381873267336,1
2.014948091144082,0.04719846000166662,0.0,2.1926191475869365,5.499948688824792,0
3.2316031460495616,0.07561832895225186,4.025426220504362,2.101422964239658,9.655550428743835,0
3.348477202255368,0.08040616173065668,0.5364148895281309,1.073486745220252,7.898115441873194,0
2.499189995052542,0.0,3.107463347627431,3.194214483013992,10.47374378703645,0
2.620858965556205,0.08342843143592486,5.882246116379642,3.7283293805663336,6.373954295662355,0
3.4362286641400726,0.16151110878253938,7.894309682907337,3.801528407832186,8.78408900773701,0
2.9715271881394663,0.09468314987343426,7.579500684402373,1.3867881075240036,6.116932159464513,0
3.4148662089395874,0.15751336979491481,0.0,3.5206400960170443,5.438775709277783,0
2.9261098405912644,0.12525105441368836,4.198587542174736,1.957175620924481,5.462497984797434,0
3.618065360903109,0.089016527382452,7.0240849334258595,0.3811774280135596,7.579688791618251,0
2.613587392731214,0.017168839616111306,5.036670645245509,3.2065357234543024,7.258458806678981,0
4.963118853218163,0.15033650356135325,11.136963643031462,1.7528283877556006,9.176473589030117,0
3.359878971074091,0.10747280448316548,3.378870983038837,1.335299094848986,5.343296416974265,0
2.670941755462372,0.11708301159763132,3.728927849267972,2.3871483160609066,6.378684888602654,0
2.1962583827193862,0.09504528498793656,4.95029477053244,2.2488939691332566,8.734720698294973,0
2.3403764027006164,0.06778298664890078,10.592145591235276,1.394009953915088,10.345395154370134,0
2.6275486775967756,0.05759672009847457,11.233332755595335,1.7152044433525668,8.214290659475136,0
2.8522598409854196,0.13018952601389472,3.542963766274859,1.625609966793086,5.863951248217645,0
2.8142795670021044,0.14100790933777424,5.372857084552552,0.39881880118842705,7.655214600381537,0
2.5761830356904576,0.0,8.430084590617485,3.5095239926988544,4.032475581093911,0
3.1219003568855994,0.0825280336391522,3.711095064417474,0.7370370631326773,3.9635317771376073,0
3.7098015022568185,0.07855760371969633,3.7020874509994153,4.7148169394863215,11.60882165339685,0
3.2744419176586823,0.13188029061156042,5.713488622275007,1.3316418360091111,6.112589137139848,0
2.569357899335868,0.07323416437161706,6.990636855495305,2.3924560184705204,5.130838278191302,0
1.9791325657878547,0.07643681296487402,7.887035507799709,2.1914507159573526,6.820481518665729,0
2.5134655295592223,0.15977403254127395,3.334158509284012,0.7574991630806127,6.266053087134896,0
2.71482431679316,0.16119279592712968,5.889718030082925,3.544092663524045,13.396080913634853,0
3.6059719926932003,0.07302043896314342,11.580348650865158,2.734425852809667,6.769372235852584,0
3.4267077793901537,0.06440133863705386,5.115665506352953,1.486872753635717,14.08137390831888,0
3.1608489030980067,0.060373827644239375,8.364497635549785,2.4457598512171286,4.995469495319438,0
3.195232424964445,0.08323779590659866,0.49085942192755816,0.21098760949855877,6.2581534602599795,0
3.420321774494362,0.1173780806901776,10.736016407158093,2.8452732970420955,7.543278414684722,0
3.030115104970513,0.08495701264295868,6.441760275283138,3.06216744758866,7.087663305039882,0
3.253995663456272,0.10928442902093695,8.141829225678388,2.009226992995469,8.513438345591481,0
0.2486587719502655,3.472805448722553,134.56436183243133,178.67851778584821,465.45772267768444,1
4.227650069955447,0.07685302439873709,6.428721060162998,2.250951020712043,5.65923280379132,0
2.481376922836772,0.14077505112221314,7.991796702976618,3.2428268933268276,9.838522183362583,0
2.9679059114457513,0.10409944069123597,4.628322910294397,1.3883068782982018,9.641934278625993,0
2.451348736183578,0.0727406877636839,2.7755052502618254,1.8911513749308384,6.083841240717279,0
3.1973357649114904,0.12088403761197004,3.898288997602142,3.1584719964733274,8.115508293334456,0
2.6423481453700157,0.13896745019526663,7.487971317748587,0.23194328082560278,9.933834802150935,0
2.94217585880588,0.07067343652180323,11.606041773978848,2.403299604166824,7.80399806643332,0
2.2080485882571383,0.1284051602564323,9.680766588592792,0.9873144366315072,9.049585151002644,0
3.7516991508835753,0.12765745781896046,0.7928921497285257,1.6285379789123144,6.34339492084622,0
2.963994939209833,0.1877466535823621,2.4929329849398916,1.1034144593528086,8.6934480324839,0
2.248459849120091,0.11393999061927304,8.097972549866036,1.553022447193959,12.823280383577139,0
2.718915986710849,0.032996396443803255,3.222603633858457,2.6672189393045285,3.37228100878625,0
2.412202697187574,0.09726108198305874,11.91783975790322,1.1181815010145806,9.241866791227983,0
2.655136112967913,0.15108114920365195,2.0868139126768006,2.1804681418312066,7.7791976721968235,0
4.105261500795676,0.1004278040412175,6.986788946478859,1.180733535810628,9.250952000608102,0
3.8747919521027105,0.06990277790324115,2.613034598522577,1.9804696105328978,10.511874080031394,0
3.259673257120586,0.04233337983971275,7.695078705040957,3.423953845541167,11.080215647488064,0
3.5456550602971344,0.09339317055492265,0.0,1.6329773852783582,7.0529532368916055,0
2.8641724448369734,0.10455468031279566,4.492176685002126,0.9197329402193073,9.487021340669193,0
3.4350338653443773,0.17793945922484472,8.942224944573812,1.328692408628914,9.744180391067568,0
2.9223704755876256,0.04148596468016126,7.403545291964548,1.0536861772522035,7.692429669707616,0
3.5149804087905805,0.14188821107732946,7.113008629562237,0.47140870374071375,7.950529158395198,0
0.020657261282262463,4.949163896515513,169.68782418299477,181.1873940436462,438.3616825040791,1
2.5132269001477656,0.16271691803786698,9.505858895565787,2.573558836877425,9.003704098719782,0
3.711184930849254,0.14552092498427852,0.0,3.948963111447619,10.556970414903343,0
20.006453838659397,2.4315248142540598,135.14044749059008,71.11194914225914,211.37497352652684,1
3.1335633255057416,0.06304856709883835,6.283887879657905,1.4248135503564836,6.393830838561881,0
3.1288762700713755,0.15763240516308463,8.501653199913118,1.9271775674096578,10.474301950957432,0
2.7084612807155306,0.07192211268346874,2.2269279991088733,1.9521410723472428,8.812170219748857,0
2.531746812605202,0.019109969309233144,4.172312835679478,1.8052103787167644,9.791701760205612,0
3.111942012139566,0.1447323593786936,4.324212072525939,1.3521277103534786,8.484582371604636,0
3.229986071469558,0.12574417980381863,8.84838490651694,0.0,8.745588317058411,0
2.743066541331653,0.08061500417957194,0.0,1.6183689045867886,8.639855723689546,0
3.239489912873196,0.21518193760523946,9.409352776362487,3.252346362298008,6.354264790004044,0
3.180697802754207,0.036533475172665045,6.729354035367268,2.922977565140431,9.409578884877973,0
2.9722076645447726,0.10556863009200262,7.887508657400305,2.63572652644055,11.33761616260141,0
3.085208111187744,0.08413247538787326,8.632023657626592,0.8727144762930701,7.023452550606624,0
3.3590928628539674,0.10489135873539614,5.843635047752196,2.976138690066921,4.04136041029461,0
2.836168926701116,0.12098049860120591,2.386420909977108,3.2812386535229803,7.376584815065571,0
2.8593362214408935,0.07146797848999437,0.0,0.5586582542846303,6.681880618970919,0
2.901330789846337,0.05302683790070087,8.090749081908701,2.6352455366039567,9.991909856452812,0
3.2127287808924825,0.18203072817441437,8.928332304207943,1.4962776631705463,7.856587307430063,0
3.254362511614967,0.132616516908834,10.16922415293875,1.9880991769057719,6.155893905645146,0
2.5621908733076215,0.09084247644733527,4.800653074071632,2.06589160860224,7.6307780111259005,0
2.504731837434656,0.00453219562463536,8.515430429821535,2.5709456946038727,7.728797520198234,0
2.673335383713144,0.06334219014450018,6.926903705033528,1.0089088646683864,6.673815652349225,0
3.0909331275292478,0.10356268749554463,9.782533868612036,3.149487364010368,6.60151187154185,0
3.047672099720654,0.11798694875633943,6.270523622066112,0.8958545433360809,10.341357577413,0
3.4567923131166247,0.049719931215526716,8.941346529715423,2.274038840649303,4.457886395325636,0
3.307885574885571,0.10206437277937197,4.751906764944804,1.447075983763766,7.132976357592933,0
1.7352199611528485,0.011547484813030057,11.15374082980839,2.8730660663320995,8.946090545676002,0
3.7436230776679635,0.16997432134861717,7.196453678164207,2.6095098962124403,3.607107476713802,0
17.18682509031141,4.244331452029468,177.29348125037023,77.95149617252704,127.73992729582521,1
2.6739555557034698,0.16795947470820127,5.554575962181094,0.0,6.959581973091838,0
2.6484117874370563,0.10088066259668287,6.240848772715042,1.6982669460413642,9.238698590869397,0
3.183299123048424,0.09442455864285282,2.7018643927988,1.1997772646000961,6.415992851809511,0
3.3329621260272306,0.06716553271862935,7.591770649887337,1.8464993044302163,9.619692122238854,0
2.26781255989509,0.08892433685239381,2.2028862704540386,1.6870710328099858,6.7412515775870885,0
2.006215542699554,0.08757356909627753,9.009972073276948,0.31626743238595134,9.452071998458667,0
2.8314570144409803,0.06772139639823024,5.904221209343352,1.932989958274779,10.53104584283708,0
2.7584694741582805,0.13782441771580492,6.731216551505419,1.2868076956338672,11.887168174755127,0
2.851696270465101,0.11833732039461285,2.9185867462945323,2.608984446492435,8.202654353720936,0
2.536650845576345,0.10697488980737295,4.17248012031063,2.018790511307941,4.965492278855789,0
3.807791411774116,0.16869571926057247,4.283742193809697,1.2712098036226167,6.238787080436701,0
2.0667300243196918,0.1300106482872139,4.260286837221277,1.7389912758276864,7.258604169567636,0
3.3953127995813843,0.12530788277303562,0.0,1.410839612011058,7.596107862493962,0
2.756437308117652,0.031376722605794966,4.225863453166515,2.990710846624085,10.340384668141123,0
2.890977052303813,0.07202268573552656,2.6887256025863633,1.968528629796316,8.450341864453872,0
1.880884383337514,0.0,0.0,2.083345350975092,8.332037695749145,0
3.3098557229830683,0.09482065732971097,2.713599654457706,2.4862873047408947,11.775717975917278,0
3.938085419607943,0.10390715314848238,0.7333110514813779,3.7464906315946216,5.186378910790257,0
3.408944829012514,0.10340361346243106,5.499455817731441,1.801330866177097,8.461083173701459,0
2.3896437870429206,0.2162336652926409,5.705405898098565,1.966931998638232,6.97240049458393,0
2.275993049791878,0.14437519837070298,5.742441642920314,2.656898706319647,9.886318402000333,0
3.2491108742483927,0.09540216086978671,7.3722779366975875,0.05742942856259359,8.2200696478657,0
3.3554799841017457,0.16376953689995075,0.0,1.9818657564919182,10.344549919216137,0
3.5031464046072203,0.09754853295809816,3.4501574037196763,0.71049993027602,5.759602397117641,0
2.6083733538318814,0.14757748852870214,8.269714877272492,1.8069179259933874,7.914287504679324,0
0.03176370644214067,3.3395824643993075,124.49666567350886,111.88993157348153,255.3093616308325,1
2.791316593197458,0.09197903090123262,8.798990803868866,2.9713442845414813,7.5382717776041295,0
2.8779597631628993,0.012676663721048323,5.605215964388131,3.762473164869612,8.311158938461277,0
2.5020923026048854,0.15438552130789332,8.691380143279925,2.184768650249024,6.554806437197045,0
2.4366162655450974,0.04232537870076081,4.164881097176318,2.336601427562167,7.137997788334122,0
2.814994485058936,0.09950775956748086,3.352523174708671,2.2688049344392307,9.135989079048484,0
3.419245387225821,0.08957658947297961,2.065235185818568,1.8257329655330743,9.451180350964643,0
2.6015523722647615,0.11565660700065777,3.8920436895254333,1.8742537025042274,6.483672361000144,0
3.095317795632512,0.2042356460615508,8.824051549038458,1.9505334286767484,9.255404789103842,0
2.8953381614240667,0.1323003093557276,10.9170334372466,2.575356724520126,8.825282722885932,0
2.5948737814928093,0.14158083930902018,0.7132861804648201,1.731378376061936,5.470222311794583,0
3.6117844412093136,0.11955639384663631,6.889218543226214,2.464320560826665,7.398371739250315,0
3.0575130395737085,0.08000608806658144,2.619620810349586,1.5029475131643177,8.881513508877529,0
2.3861960924315038,0.11689787641160593,3.1664685439420186,0.1668295483012725,6.294854822507001,0
1.939649923682467,0.1696227970741534,3.8862278879888184,1.6666199443923344,9.992925230825968,0
3.1837408327371524,0.13767097317512156,3.515106347327898,0.777249721261825,8.638241683737082,0
3.011951521642478,0.1149398890160881,6.2274227683279815,2.622379118473119,10.719436426001792,0
2.1107062079967416,0.1546053391991213,7.509452413894823,2.2809284969478263,9.110759312299537,0
3.8793102420975667,0.10078411182358123,6.29302907639023,1.2806783131918262,5.684132600537388,0
3.579055436750034,0.09987980795405732,3.4494593504785143,1.202561882929901,5.606969903698134,0
2.703822022173973,0.12779707258229211,6.569971348185765,1.1536016942223122,7.500454775919233,0
3.3787538550236524,0.10659639833859785,3.551048221781478,0.14033695945020153,8.843654572321753,0
3.84997868728819,0.06087007012907055,1.6630175909882579,2.977263370303122,9.192599570922425,0
3.510691647714699,0.07540215475652585,3.694768275271052,3.4519266323147217,9.132114917664135,0
3.425448981083986,0.08474055772596242,5.315835871729034,0.8187988268511199,10.167097046655739,0
3.4054041365798913,0.0586944004142729,5.443462217109581,0.6630220418594457,11.082914389664507,0
2.8356907621255076,0.046315567054112376,8.320323555872985,1.8071939126925876,10.277821222960096,0
3.721816001734407,0.2041330161054899,3.3341807359604854,3.297916505660762,9.304160474709816,0
2.7741702619201885,0.047886420597637584,8.807767015695863,3.2354317757568007,9.254656240547618,0
2.9329914166635414,0.1647492792408478,1.2905651402229532,1.5029693093340912,4.89308773267347,0
3.3128154668230003,0.16669428727502866,7.395700019331771,0.3166178669571744,6.200284056729464,0
2.2974050765982126,0.15984554743806761,3.053004438580527,3.237738105749225,8.963803264080678,0
2.632913100610752,0.09158075387635738,0.5083028165474808,1.6505750493642926,6.755745039287222,0
2.9748809452754315,0.056161310939407766,7.646859477797647,0.9801986663054063,8.235035238316193,0
2.232213938396447,0.07511637382854804,9.140416816605544,0.0,6.788688732978735,0
3.9062242789984642,0.07235395813163491,3.112363551411673,0.2262248677974814,8.230479733944037,0
3.2454874758191257,0.08297006465450693,0.45850849626543955,3.6165216545137486,9.868623475341542,0
3.322687974792574,0.011199412297579897,3.34823879899788,2.8687983383055493,7.358751047386377,0
3.010396853837704,0.12108900371254355,7.98289648006287,2.2881500415402547,10.733493473388794,0
2.275177390150735,0.14015773713070112,7.687388654707785,1.308945622606104,6.8236937493588625,0
3.22213165574302,0.09241427832113855,2.914551925769383,2.293284429004852,7.813478668916471,0
3.3343708277962563,0.09954088233074306,9.988794341569513,2.913607217568034,7.594063313704229,0
2.4538436176637104,0.03207129923712629,7.714886124482599,3.9687573094339585,10.68266013909936,0
2.9972019905854768,0.10991967585887434,5.1973659459468875,2.459637318074816,3.0,0
3.358771127897981,0.09510423767785481,0.9815906751267311,1.3631235257935668,8.655185462285916,0
3.7480221557445916,0.07923931160473643,5.610078379996303,2.4991105067989414,8.620137647750301,0
3.3120599085260776,0.04539181836409552,9.176116254761274,2.225269722015047,7.268438509395987,0
2.7354736613268527,0.10070746324828792,3.248833599312196,3.629318517441612,3.8258615085809673,0
3.544374309852093,0.15721465342799695,2.627687242743939,1.9138378959005053,9.413910019841085,0
2.9649171442706765,0.10905313713855412,1.7032512358154186,0.4350261065582206,6.047148920536803,0
2.8329613845100297,0.011301519194393525,3.400987754520997,2.563673654270156,10.08755391280351,0
2.8541531251033616,0.10172205058529207,3.238654188139557,1.3205550150822507,9.898526348564618,0
3.631853338827334,0.18266548185892653,5.921117711755466,2.2034820034522875,6.080054961711918,0
3.1718091447842305,0.12127449666201152,0.9649565482079936,1.8066590503203772,10.035062847861253,0
2.662145960419194,0.04001373674548933,3.4035683294806938,1.2815160148388836,5.2339643825110524,0
3.5668850484335324,0.17263777725630916,8.398414091524423,2.474742104839891,5.9788187936828106,0
4.0303739624409936,0.06963227833938944,1.5889013505575376,2.2921488421187988,6.090261836831847,0
3.052947226557617,0.09490026416820341,5.638473196009906,1.7841692445638455,7.070153971270559,0
3.0387402592594315,0.10857346587951955,5.304890160600274,0.8188064605705019,6.180695948333923,0
2.6866413877050173,0.11433870561912932,4.781426933476835,1.5939708455872847,8.805313963294322,0
3.270731364102394,0.08754640776734797,3.4913937389871323,1.8662206274787603,9.818574793387388,0
0.10205128511654686,4.135802380544653,113.09118856783746,100.29351955392562,348.89808752549703,1
3.0278624561443475,0.0228599242395177,3.226944632799704,1.136810287833172,8.439516167880287,0
2.9049804824992527,0.1109329653378649,0.0,0.0,8.383987577244534,0
2.977294391033881,0.12141710253303625,2.046098938946134,0.8986733712302901,11.054264768310262,0
2.8135834239541166,0.11429016433973666,5.886535074771016,1.7541516825560166,6.750377590928221,0
3.2882784815278834,0.14889077748431,8.11154421694715,2.2716835845000305,7.558421700415892,0
3.694168889104224,0.058290757563368815,4.614805202247173,1.6501146508769968,5.769159992939588,0
3.093304561578179,0.12741598137772495,12.681508878067051,1.4612151621526115,7.4806262731178625,0
3.049825682543821,0.10363402621646707,2.551535032915868,2.5704860860796908,10.345935398328532,0
2.535244569903795,0.10808492633523765,4.648483985076874,2.412071137066024,10.40283406357405,0
2.8453954614750683,0.13654794881881083,5.318548758320649,3.057427287114136,3.2582292533871238,0
2.492621634653567,0.1349344406758522,3.0704499739189086,2.5156606300833944,3.9699831209858187,0
3.124110293150168,0.03532461873979521,5.310614461847527,0.42565828226803704,8.119925715391414,0
3.2100472452259208,0.1559316167077106,4.028273440352234,2.290037803053902,8.082653663754007,0
2.8847996428971165,0.16755078762435002,9.890389894623231,2.850982678506765,6.303266927153818,0
2.2217090506701247,0.08184416694222169,7.402105842636731,1.3431645313055696,8.802276522528459,0
2.616326218555975,0.04879857045568103,8.295454628155456,0.9742766050253926,8.123469352920594,0
3.558647915794064,0.06943073763056859,0.0,2.6970509788397266,6.010456564136609,0
2.7408648908631763,0.04414067691464988,5.401875141740706,2.302322900348275,7.884267681571318,0
3.1995680571760357,0.0,5.854263780156705,1.6689756657919195,9.734313778200372,0
2.924363358173244,0.1559622458782048,3.859889461131939,0.9737576246971,9.472454890330255,0
2.3519416678750527,0.19711227973781498,4.102792744309835,3.111631474141052,7.163502169440338,0
3.3010591601962416,0.11531947410367072,7.675521738784438,0.5488960135332615,9.826782181604365,0
3.267252824240275,0.06205146505483276,3.0765052118094487,1.5091935335035798,6.27165584165207,0
2.1463210212035264,0.08481869635509995,6.148765130171789,3.7184396156027137,7.322182908648332,0
2.955818520397332,0.04678899965913256,0.0,1.6639333034942596,8.928527486471586,0
3.306234397006801,0.09158704327562293,5.441230482337922,3.3071354231507137,6.900891208280828,0
3.5718770216034645,0.04668825340503875,0.0,1.6613309461162424,5.716027858614638,0
3.473763231061429,0.10579122936134731,7.169113818739591,1.4118914010756904,8.666116870134095,0
2.5552427851872386,0.05271269696516095,2.348003429760678,0.9013206265656151,13.049018553214989,0
4.005102269383174,0.14980591074555646,1.0329576959501132,1.6885328051007984,5.738959087934077,0
2.7895077595898687,0.03503918182770879,9.206027977757365,1.664221382259578,5.097561567480129,0
2.774905367574294,0.1739035949178222,9.002687582518071,3.56235450937323,9.337928963436365,0
3.133525132934629,0.08085914051935157,0.0,2.1143087530592477,8.192754246228072,0
2.753499532670584,0.0,9.400347670696927,2.336499788820901,5.391993644326725,0
3.426216667398112,0.14689577687553276,6.081325028878319,0.7873428673766862,7.2143979662377165,0
3.321361379933772,0.0634184130545736,8.350043825202567,0.9293335938098217,10.180944338113989,0
2.9597001253516195,0.0,2.3993462453496,0.5779415028320689,8.149256019633695,0
3.023699335658207,0.17972211958745984,7.460895123526894,1.532261316141418,4.9332158221625395,0
2.143432735454561,0.12527946209179375,5.3504905225165516,2.6369080790029855,11.569117777707172,0
3.692136409255259,0.08513119603784468,10.693661877976117,3.519336351090644,9.299209730225773,0
3.4620135096034503,0.14665640361705348,1.6104504283443206,3.20357805453346,5.2270211586175135,0
3.209766221953514,0.137828233745657,5.586209663849961,3.1529132562048097,6.007621508808006,0
2.5803951663304967,0.1472934821842073,8.087541308383901,1.9867169110409806,7.446081811545668,0
5.667158528590665,3.7022664023101473,141.0307781540096,62.81614757643458,234.11543984331675,1
2.0795628843341776,0.06426596615047842,0.0,1.1858467434023965,4.901595109704323,0
2.404348251398676,0.16643204141241158,5.277130374919773,3.397844307031498,6.681009126323144,0
3.350154939704496,0.09888605104081434,5.474284627600429,1.4488837599593714,7.461917816223835,0
3.240933030859246,0.10677817082073546,5.009180350215718,3.008415969942991,6.418752017454095,0
3.7596419618208845,0.1041493709406255,6.684417889478399,1.6994640148212319,5.689983005200195,0
2.915928090707605,0.16755570449933577,2.9326646068346296,0.9763402538692856,9.549872214216949,0
4.92636574532736,0.12256126596592541,3.0207540762381027,2.8865794927576496,5.825043663775264,0
2.426827303490656,0.04522403055772189,0.0,1.872800616017557,3.0586734342411983,0
2.777248739299614,0.06649423997728836,7.247847670638354,1.8238658022892216,6.908771687342495,0
2.687827305143388,0.12093799800637484,6.839796633983431,1.4557255670754619,3.733631144743712,0
3.2975147329177825,0.018722798321896952,0.0,0.44897381801668,8.499184952148767,0
3.2565528990880415,0.15035786002983348,4.483875922203582,1.806844775150421,10.418738356669525,0
3.2279438860408036,0.047077968317917364,4.319172601586227,0.929331628583403,9.13466095397326,0
2.8755179257604633,0.12129218293149147,8.907771190358694,2.292168828207326,5.557405230789549,0
2.7602535163003785,0.11834070216427212,2.946678793741452,3.8068588841465116,11.07653128182407,0
2.2908171335334844,0.12103498155092395,8.68656965060168,1.7576245418948886,9.131477008907902,0
2.7232058791460028,0.08263488555210785,5.832657540480595,1.8151232437547344,9.84210625609585,0
2.8911593983863897,0.040906293728959944,4.444707051736344,3.9235134876034543,11.270014331462837,0
3.30300497567282,0.11538063340945982,1.5108720491461947,1.1910361070741997,9.877817664079116,0
3.0025567283212307,0.09352413765682796,5.6991288545884515,2.107229288419153,9.418228779266567,0
2.297216490410679,0.1784091214763663,4.338302179198058,1.935128558946639,6.15656432703617,0
2.886757950575084,0.12482000588669706,5.529452550988858,0.10796642751432994,10.555753042083944,0
5.827949101013573,1.6128412949879405,108.42258506375424,92.60424049911367,60.93171652990113,1
3.0802869905249324,0.14705909332099848,3.201080015536389,1.5492597226972484,3.8944351336589493,0
3.8068556345293234,0.1535182580114965,6.776988641040029,1.1445173040744185,8.87590452595951,0
2.967930826703504,0.06323994826183768,5.5803457249753885,2.1661406130783307,5.3365050312036475,0
2.876968755935026,0.05027857391001039,9.40355133499193,3.556416035571767,8.079813389039522,0
2.6400778958026456,0.0,3.750684700255923,0.5155609318065737,8.502987339883983,0
2.7784779894357587,0.05945530318998751,6.940713569769697,4.508306273056563,6.517489264981034,0
2.890449735595568,0.10970259718029371,3.5907066069885896,0.0,4.682450749827938,0
3.339686641478252,0.026475522438437468,12.37961595508814,3.889282454250252,9.213460005040213,0
3.6115415335476624,0.16840396752443004,7.001196418185062,1.1749027000544756,8.197052049810775,0
3.782321827907003,0.18159284495445546,6.358269056230084,3.4901375220998414,4.993689860800796,0
3.538003569299299,0.0,5.432930058305237,2.0437103969919836,10.966517769713182,0
6.9141446034410325,4.8792182845322465,88.57910882620365,113.31541750644145,260.5053967126437,1
2.8605583029246215,0.10168595274505267,6.142479255035761,1.4538338957819803,5.019014268526213,0
2.4924529040860657,0.14868111247139235,13.978431710181924,2.188453596429283,8.4064954626108,0
3.2553960442637973,0.09345370974369369,6.688563441371391,2.26697578312756,3.2036738094982047,0
3.459577086805001,0.10744384019588456,6.623963882024835,1.6135051096772097,6.647320568472909,0
2.081897313448352,0.07711833753311924,8.225664623545747,1.9063909766336335,10.368598862313451,0
3.143562082600912,0.13098693923514343,4.189197186908332,1.7491663281887693,10.05438957648572,0
1.913665226992982,0.12048180593419969,4.257992108310745,0.568811666764248,9.599329030695149,0
2.865296582777721,0.12611253180088894,0.5552576853458957,1.7181551506029,4.779956654182007,0
2.959641709945709,0.048402237895278255,0.0,3.599123240836734,9.274238080822455,0
3.029609217007244,0.11820701480273307,10.450266888725313,3.304962688790419,11.229566508494655,0
3.2478409439863025,0.02347692951283116,2.153753914196,2.0891981966125712,7.667515855358339,0
2.52028038163826,0.2037532519674271,6.353678048408296,1.9378639335306915,7.254448411070494,0
2.8388397653943303,0.05186744940405119,2.772539666691201,1.4897088404369367,9.731745177168687,0
2.961081401493599,0.07438128796616533,3.825290067931882,1.31984763424818,6.559442846824137,0
2.870547513147961,0.07585450802697412,4.4117203679691865,1.4945527903464728,9.607972991781004,0
3.0062962003908975,0.10888750531340158,0.0,3.3355704555367565,9.1674228396479,0
3.1615838570923906,0.12504157955021059,5.263920641387507,1.5652053066277831,11.419416057351038,0
2.2476398129844988,0.015466418619677402,5.323951762175686,1.2588373313651706,7.3637147346771465,0
2.7501349119241847,0.1836132952048764,6.286903845645551,2.7611740390516384,10.543393583045116,0
3.72188230203663,0.1285253604177258,2.994635267440467,1.0392204417551096,5.550886119549821,0
3.2129436030965177,0.15147202779635205,6.931006259067472,0.0871486466521707,8.275516810348075,0
2.193642064405174,0.13476014500419997,10.639623648263024,0.47022591989066376,8.891895554250606,0
3.5408833638364143,0.08000500049453418,12.036872485689322,1.3704057681362023,8.554842222474687,0
2.7822568147150784,0.10558995791016942,1.2928909338517731,2.2013945587152812,4.944838117288482,0
2.4674431684623137,0.04362519505234807,2.2153400979559468,3.222711792831931,12.666071124222935,0
3.0975124920140633,0.12852105866803978,3.5080485609269916,2.095027885272073,9.113895764681006,0
3.0428435807016796,0.0986869603365074,7.1287984381506995,0.8570574536167845,4.772197089042017,0
2.415041582144856,0.08905668741321872,2.7918090395944573,0.18094898469745235,5.988888057632504,0
3.977078716875143,0.07830632685104055,4.071470342218312,1.786229751937651,9.752425158643327,0
2.8501616759966066,0.08279680216478867,6.2311498303606765,1.580153004168771,8.40863976797664,0
3.248999145622725,0.04023531182003777,4.436421796973842,1.950089766958838,7.608550041832234,0
2.493052023853731,0.047723525716297344,3.796372380365967,2.171187143745663,10.642422252155153,0
3.8558542400711717,0.07269791005916394,5.174638181255169,1.776333428196556,6.745077667048596,0
3.370412172710063,0.09329098946615377,2.333420905892976,1.8835116473689653,3.0,0
3.0922756515985186,0.07706806819494577,5.0053491233138265,1.3157578194847566,7.8398340035018155,0
3.1996115613026395,0.04244231317235654,6.5027519872575725,2.5043650657184098,8.332677731901311,0
2.7097382750976386,0.07099918336731577,11.333889002298752,1.7321012658415014,8.521312309410405,0
2.7252298627022324,0.0884669166680146,7.30192208780746,2.8695725186534213,7.183160299737366,0
3.1036336646994718,0.005361891120497411,7.029071143024725,1.9618654311753596,8.523250527161542,0
2.538383376944548,0.07070361633411223,7.682698323502804,1.5153714353999186,5.133919190764292,0
2.5214245425524786,0.06901139358730612,5.919042601796068,1.972785867622143,7.463934825344779,0
3.904653174866555,0.13932031059979083,9.851134773565047,2.367199798775388,12.089877596062053,0
3.0430719415231873,0.04600787761092565,5.509243303911985,1.6299775341627556,8.409714600435382,0
2.887572009095961,0.05771634477529436,3.5174299307992616,0.42637097788301537,7.924564100468817,0
2.6110916562045623,0.10364370490077578,7.33081010879455,3.484641861876508,8.712954209338983,0
3.157123666297637,0.0,5.5830003900147,1.2652567865272908,6.545092150553764,0
2.7489728878236943,0.11941560027117248,6.441825780042042,2.1237546425242773,5.350333888594731,0
3.196898649108126,0.037508983020531794,6.453774136517825,2.1206085476135788,8.484925943445422,0
2.8704789270896485,0.15697777680127348,5.159177938797857,2.770050108917586,6.394556567550167,0
3.751178526048014,0.2136217360223441,5.405571022962158,3.542547211374117,6.446275802757215,0
4.263466212936811,0.11508500044508678,5.560970629173993,2.045960936048934,8.613579924922904,0
3.72078431032895,0.04613119615076209,4.46752434867715,1.431123024802631,7.466905391438505,0
3.043523534119086,0.13875777470173917,1.164942113593027,1.6642140610202503,7.978121896079828,0
24.188608871924934,2.799322270659418,174.52962449373848,42.695503578840636,180.3918209128952,1
2.3761084090175753,0.19706087182318746,5.418961068696053,2.6734727961582307,8.292429592755118,0
2.9836233648920008,0.11866742798556992,7.59274515409591,1.6550168380429326,6.195365690810915,0
3.900255590755427,0.04840168580764103,1.5741745425160651,2.216719642122883,7.314011548795536,0
3.017041734129613,0.10821473826852845,4.647035205193507,0.667550219001795,13.250611160537822,0
2.377141311776808,0.038378438041799995,5.996244384250431,2.6259320959729027,5.0201275907195555,0
3.32616143920671,0.1350350306060292,5.036509046848716,2.4508123363317997,10.393526449960877,0
3.076862552972764,0.005842489597070816,3.5703385956994262,3.4141103906067816,8.347847023950305,0
3.8435708175362824,0.053771794281095006,6.206804231603894,1.5197855658676005,7.978887130238293,0
2.9522678764554633,0.15885924815921695,6.200508815601492,2.072249134236203,9.027350431586612,0
2.885304627965986,0.14629875503573084,3.205161997406457,1.76813149337421,7.476865553546929,0
2.766752310385901,0.13857008974518834,10.525446828159822,2.7906723186907283,8.225497876153499,0
3.1087164365898614,0.06113142575770467,5.490081064747401,3.86419952588735,8.65525243465683,0
2.604762772277344,0.0313570274259468,0.0,2.3624498815945265,7.033043730011246,0
2.965682976957266,0.10003777537272979,9.438445285582619,0.5499836438324672,7.474366353405881,0
3.481688064622161,0.042281866588350786,9.738313675084578,2.938969468704792,11.116699920283956,0
3.0366589835942017,0.11850305576344777,1.063510396413447,3.496880273850856,9.708875502281112,0
3.5005230462835706,0.10489066465466537,9.175762663039757,1.8399613264206556,9.212474386992577,0
3.299964364998102,0.07991024865291832,3.579063627046427,3.0654247235975802,8.87009674328089,0
2.7455181871462506,0.06566423284983525,0.7893241113090124,2.432972928043635,7.233043962152227,0
2.628757883730808,0.10679297120408285,6.239442427857867,1.4998473187852706,8.718971879547716,0
2.895389063127736,0.1216108345379627,5.981217124633536,2.983736043903564,8.041180354469358,0
2.5887900338088996,0.14140294074466547,7.859528762988061,1.995737062356124,8.249735220390958,0
19.21179003191457,4.222623665416039,177.10291312450997,77.5270709129968,314.97120196173194,1
2.7417851780562144,0.1102537669617315,5.157372160668332,2.007350674919699,3.3280927623971284,0
1.851909523431381,0.046537275312245996,7.332788185376817,1.570008591385161,6.759954101846577,0
3.3716320470113574,0.010681226732265667,0.0,2.023980019015593,7.8965744188794575,0
2.495722657961896,0.03405157508487447,3.973085469652553,0.0,7.199515434136229,0
2.5768216725045634,0.07303474927683648,2.439801577882666,2.1057703835241233,4.430122934255791,0
2.3780683823043574,0.0871829660813754,12.102243092081364,1.6890285335139277,9.829910666020448,0
2.7150835358806207,0.09240163088419806,2.070139052409332,0.0,6.9967066424070845,0
2.113483765896559,0.11201029219731115,0.7534277992588798,1.3070429954687848,6.7402275248545696,0
3.280392263184117,0.12127224320920862,1.7085690511135576,1.523937442222133,11.35756761477371,0
2.7348711908137795,0.0,0.4804242258826541,2.777797630877715,7.15104816481644,0
3.4415548885735796,0.17209725029009448,2.5770483267597055,3.383135646778152,5.889958489245631,0
4.076591228755778,0.01586706529386571,4.48497903822565,1.1906533152051197,6.3106454734135005,0
3.5482346169054417,0.1583754911493223,4.202239777413344,2.55539886065174,6.033100473044057,0
2.874230556977752,0.168168825676917,1.928732156876448,0.6342040719490554,8.523714414491451,0
3.3362868506013656,0.17034673729458755,9.727627428505908,2.032264810771253,5.053586740249466,0
3.0001035324590983,0.0,3.112337981457913,3.4554013377261916,7.372095626168279,0
3.491345491972757,0.09203188839270468,5.995755343123662,1.5033489478717534,6.74005993628862,0
2.9080083318236603,0.12913687915869324,8.591504081743562,1.700450588800808,9.990605801058447,0
2.8764871496270015,0.04005243010030621,1.0019646769243886,1.6169050788402062,10.865976553419156,0
3.3114249661737496,0.0,9.010907220667882,3.8054168464197806,8.207658470065395,0
3.3296228342162024,0.06328833390144811,4.061490580845433,1.9441035333864045,6.380866395820855,0
2.5984105246598275,0.11800820919728836,4.953585077819781,1.734075805927567,6.592687245369834,0
2.60755084345888,0.1422901436281464,4.713976726409952,2.3629957034326874,4.989441647677118,0
2.8771284679570277,0.05944995681855776,2.0650761505325064,1.7831729497778566,8.61878088491964,0
3.1785077429825237,0.03964891760713923,1.4272504820788194,3.9530596955398964,9.956005951996817,0
3.16438120515174,0.1828104126028648,8.929595508300602,0.8502585446321071,9.882133102903861,0
2.4345557823370423,0.09449972506494743,3.6627276206094534,1.0498954308543507,6.752567930167214,0
2.435146572671191,0.1725500719065668,0.0,1.4261800860898812,6.550935461931502,0
3.1926586898644183,0.005999498304611814,4.551632920505034,0.47025104499590853,9.013068782771835,0
1.7348562386268351,0.07757285817360693,2.281354003858367,1.2287305833225193,4.000026879379417,0
3.4840923302664306,0.12666036589496563,3.6450767324691595,2.4203098174852045,8.034137650399453,0
2.6741998261970914,0.19557095435698618,0.0,1.8673959217595033,7.85504456081193,0
0.12244939947046646,2.640992714874609,138.33204782437707,185.47490720698687,425.09055519916575,1
2.623017705566662,0.09123107720506547,9.123833802729663,1.3388628878090276,9.308711381192435,0
4.078654106632752,0.06665756415242183,4.061968491040172,1.0781763436797864,9.0518883612496,0
3.0597901842070767,0.11383003827555904,8.178696717870192,2.2452917426369354,6.34701724857953,0
2.880533950415153,0.13261530758051154,7.2492364263150435,2.779696182179494,11.566229039985013,0
3.53010495374944,0.13578671205854204,4.020158658016362,1.1218782963945473,6.956338917023704,0
3.0078091669748015,0.1723898209228933,5.740718190249835,2.2079200673839576,12.836711507144901,0
2.781270849838295,0.15269457761479416,3.9402075936855256,2.3932951381664807,8.402067007433141,0
2.839378616941044,0.05790891840659239,7.0568581226554485,3.567791509795664,6.194179985904145,0
3.65879876780398,0.05294886496668105,0.0,1.113360830795402,10.2980293921048,0
2.5580712818994336,0.13563560144306658,0.7075063951259848,3.53739673068429,6.683052809477488,0
0.26858844424690165,1.9863107757996195,130.7659996451231,157.70913211437397,234.59225237758955,1
2.4545167848924008,0.1073467649193344,1.5336446185470214,1.2886800894534318,9.333085063965262,0
3.33643061798341,0.1196317057825484,5.843576053730827,2.3625430910929612,10.71858284867302,0
2.8240393410917455,0.12955680589619664,5.675770045950799,2.231648071610923,9.773905214946343,0
3.2499320618701857,0.14283687107352294,1.4964040781248693,3.1407858004524742,11.179126665725155,0
3.130221131666778,0.06794428698876775,4.797660324334454,0.6748428448022381,8.991033048289792,0
3.061602403392243,0.1514706550477663,7.081470361577306,2.794758522471934,6.154046203251812,0
2.578376702341904,0.11247740947990385,4.9092108272090424,2.932895355193809,5.714418610007199,0
3.8327372222312883,0.08147086187996086,13.806218619165405,2.9230448272267617,12.54818713828648,0
2.9831937176481436,0.13132173362269722,8.046883651983412,1.8122983941259632,8.333587329061986,0
3.2693779962231844,0.1379757443743054,6.159758689715577,2.5910905313252215,7.358507257042308,0
0.23774631821102138,4.701418236478812,121.5754387675602,77.92194100188651,426.0148740018162,1
0.03531545972478821,2.976892832130596,112.28599441694524,194.80880002279147,441.256596278182,1
3.112342362875943,0.09830373870360457,3.9865547174257907,2.569289323270064,6.677956236914575,0
2.9872128439040027,0.18119424964055764,4.7486507003328065,2.16392406359343,9.690813113564111,0
3.170575987408322,0.13880139569217378,1.0385196697849057,0.8487733424928559,6.91440205656607,0
3.215020823595535,0.08878405145609476,0.0,2.175673712491779,7.155988206581839,0
3.2571273780089176,0.13279460688937914,4.902488320826932,1.6299633874318031,12.005894168152572,0
2.7304386484255105,0.07173035148572993,7.007255630802572,1.7865673029120754,8.093757086606622,0
7.649615605620387,4.062419301437206,168.48296951456717,158.10951102991416,219.93308606306508,1
3.3739551280587667,0.11526215632656765,8.51330591500868,0.6383249695363691,8.647264945025956,0
2.7117447996366404,0.12021064326386662,8.93348688981085,2.694326381149299,9.51390547225564,0
3.6962326500321643,0.14353733222942017,1.3819328857756434,2.3200581914932448,6.021690964014026,0
3.411030079997245,0.08050381467202775,8.407843537831466,0.7459773475714835,6.619296267747422,0
3.0191189974800143,0.09986069446665494,2.8386347879748235,2.9937402628679575,7.558874931182021,0
3.3343274023789533,0.006327934802269161,3.4768496925508585,2.8410412769616196,11.715181753299332,0
2.6770179104377325,0.18175331972637598,6.45607972265957,1.144257420048493,11.633586473324746,0
3.135028679195711,0.07038795775935927,9.478857868261482,0.0,9.290593916862086,0
2.3598478006645527,0.11895765593630621,3.713057847882741,1.4325527187716482,8.186916983532706,0
3.5162326302755735,0.1529059162543575,5.905620142163035,0.6851213355955881,9.712096189551026,0
3.8761352217118112,0.092487850560087,2.3082409815162297,3.5894412835616984,8.987074588407534,0
2.8655556547225847,0.12223869039157975,2.75175203912908,2.1928618431501907,11.018480039655001,0
3.0600156633591307,0.08700999296162437,1.6182086223375585,1.7448128284857163,7.9271053594839245,0
2.1206302567884427,0.15506614788678813,3.60027778639167,4.026817116042393,7.453735712561495,0
2.9025458598236593,0.0852772121205983,3.7856138617391206,2.6102350056939962,6.033793705711702,0
2.9647506109704542,0.16101414482088586,3.6335988312507785,3.037005324369159,10.742197627823844,0
3.0708584568199524,0.09493596406492336,2.8882510237533667,2.570940993942198,5.105564441484083,0
3.5071850325090654,0.03259764440299165,1.916228704967783,2.406094018848667,9.880739377246595,0
2.855670680539931,0.0,0.36519223353979857,2.7475461257864593,8.093872596830455,0
4.360084583294809,0.12578140442219782,7.630142559158348,1.5418630101582804,8.768320355934955,0
3.6868292725814786,0.11474857278544108,5.376645759953445,1.9965191514267981,6.317903139203411,0
2.4285148510846883,0.12186565935194804,3.925266866277476,1.541776970743499,8.034857905916203,0
2.199017094051416,0.11921010360029483,6.821867045305078,3.6009079918889153,7.504585603131005,0
2.718766612052866,0.07512145808073964,5.100574107165762,2.28378802783808,9.292166482423708,0
3.021757334321733,0.10102085836064591,5.393357974025441,1.8913833450616575,8.965859890355173,0
2.98673937037547,0.13557052897327476,5.980983539810293,2.3252516758543442,8.833318121097188,0
1.7188331706023448,0.020878601298817995,4.303179491601582,3.0929591108966683,6.423381470450073,0
2.8039936800404353,0.10170147931733406,8.852314085536692,2.252033979934877,6.608340107215449,0
2.5896588408241445,0.06526998154184277,0.40244516951100895,3.067997778058972,8.113015348858534,0
2.9826441151473784,0.09028654340107403,7.467051412687261,3.6129781705930544,8.339386315942567,0
3.193404260344601,0.09872529357074002,9.776074695728251,2.6037330161902217,7.287046062740912,0
3.295907066870689,0.12267927617546093,10.497683721068038,3.1626480586861927,5.960062562464623,0
3.2315923976337926,0.14324122192455058,4.134401297954612,1.6693413376236683,5.616561732765314,0
3.1056418461397364,0.08616641141404273,8.144350277807465,4.523373331399558,9.724781151835375,0
2.115462047555441,0.11915840948794502,11.762114326763358,1.2573408342276218,9.071713884977276,0
3.2135971809358423,0.12396804767147113,4.020057310434165,1.369136489316591,10.274117720091045,0
2.2849293110196838,0.08109960504908914,7.90630968704406,0.0740221815548987,9.259116732131671,0
2.591532164506382,0.11898198241929828,0.5764919388552929,2.9466183083304367,9.570965179659153,0
2.9691179000699357,0.10145952519677838,8.471733643193076,1.6524997002940895,7.753376801867679,0
3.4556813610873607,0.1223490858504926,7.452401380095117,1.3366616764876982,10.110109097885102,0
6.134461903851081,3.5971898185738787,112.74763867146231,157.68198140416177,273.83512077114176,1
3.738270174862948,0.0947828603506554,1.1853544373231486,2.457541934004781,7.908578490708345,0
2.936225439811233,0.05171086835680204,3.771978274344127,3.283354577288206,12.685714016574817,0
3.061335157997398,0.08274176472751019,2.3070218441748382,2.4621540960596775,9.398900181213083,0
3.3945283436877594,0.011030053474638965,7.078445630902768,3.3255002197212566,12.464692066371477,0
2.440165052686928,0.0683559862557604,2.182533290687955,1.9475261439369507,11.35611120090519,0
3.2164799126803483,0.016441511375296744,10.778857564566179,3.296256709748002,4.911090181832892,0
2.7738468403754615,0.1253120494652963,5.962992691058069,3.67427076607113,9.572034581628417,0
6.391839625166039,4.58717680938088,122.25333548849767,181.63488517185291,97.58087056690272,1
3.194807088685452,0.13193385699401505,5.0226805411824,3.134768614866765,9.721820209082926,0
2.680519126155249,0.1043055434129489,2.3699087431421213,1.5430081661747685,6.187563747614611,0
2.4305834411096154,0.18520510390295591,3.531288058907985,2.163427820386131,7.200354632809065,0
2.998312771294524,0.12064994560688988,5.299478945299303,2.0746858426368857,9.075967344301882,0
2.676713557878737,0.1765097599431676,4.315982819570847,1.837937897963176,8.586314450645936,0
3.5415256215876383,0.11111449279004271,11.875733800456057,1.5093877659733472,5.380536051264736,0
3.766369456501289,0.01563278264446448,8.374330159957438,3.4137696482912587,9.936997605249752,0
25.680849707297593,4.854815128634992,153.54572516754212,126.0038620678291,499.2133055838152,1
3.466295415936545,0.02026220209183338,3.1177377967208804,2.071668553880244,9.598492915034491,0
2.493947812369916,0.12107730417682808,2.7189090763516086,1.9317974696673308,8.047892764898522,0
3.482043584144179,0.08058784732392306,6.548432118759139,1.5244655532646452,8.965425521112275,0
3.463107701120796,0.11445918365593627,3.9125029913537945,2.4086107475639174,6.166722613272906,0
2.8242432579793455,0.14520087773806573,8.866590275618908,1.6193053762049074,7.054615444552857,0
3.2488715445456973,0.10942378805090515,2.4470747579553054,0.691315869010861,7.538302064192579,0
3.2466589504404446,0.10517190646540532,6.0383519863931685,2.7735577062068133,8.843937642866916,0
3.5953231373931707,0.15125545762908868,2.270958682062574,1.0318714021476734,7.649283651210318,0
21.48679194291626,3.4565107452619075,162.91514031551532,67.50981059542269,81.89847761410675,1
3.117807279054283,0.05840225412527744,3.1745182888063948,0.3897368812081998,11.118364580964702,0
2.5838222134478857,0.03021053989037574,5.454222171874333,1.1422668233949804,9.43682339555326,0
2.781640131979702,0.11454823650687215,9.456432107817648,3.1044777038374667,8.067913770330337,0
2.41494348697032,0.0,2.2535689127291225,2.141114496705593,6.0550987246259895,0
3.180818012523817,0.11126320586237748,7.601562238483217,3.491673858801808,8.992497132490856,0
2.8605185348340956,0.09357268533740216,6.606376242228901,1.524515258810557,6.694804181337023,0
2.697192230131568,0.11476399703104342,6.717335918465306,1.828189536197326,10.7602465791708,0
2.989316352825782,0.04649042185528342,0.4019480872287975,1.5615726327847266,8.101827391070945,0
2.653545202369673,0.04623438034753811,7.036184207838257,1.0051436475324589,10.541058448294287,0
3.536489023883006,0.17577224041761239,4.77298678202881,3.286947286116419,9.918992153198882,0
3.6900456770737255,0.11966535250026619,1.5407470047806529,2.4337476093485355,7.122950988790036,0
2.9264713092489307,0.03289361257574425,5.252283164750589,1.8126696901786992,5.37142980438376,0
2.642824290986816,0.01843620922695273,6.345456362589321,1.5371437142856204,6.099694939896255,0
2.9193571441669954,0.06351987650962954,2.3139368790223998,1.0093767766227424,8.927446115114229,0
3.084230488134807,0.08423516723569378,9.559856017742899,3.4340010037304607,12.109619637277298,0
3.5225442370423767,0.0,6.990793605682288,2.749698021444869,11.303828673734756,0
3.1336961570359514,0.05076726075763688,2.853461043544314,3.0864801228903818,5.836697807471879,0
2.8419635719864753,0.10503955363224032,5.462095525050763,2.1949677059907584,6.990569076329697,0
3.0626122513239538,0.11218286118513573,5.4189550226476895,2.291732725378309,8.333935246668327,0
3.0682676655413688,0.07336372508915483,3.9646877095424298,1.6407146956935834,5.962315061250696,0
2.0896983497257415,0.11689777770725127,6.601085744018579,2.3850551679378342,8.62326859761485,0
2.7899065914520715,0.1590945546479981,4.481462975557667,2.52252076644239,8.918322631957116,0
18.224870948142225,2.145707570075392,102.43471863717645,84.28105445554871,133.74525287265868,1
3.104431797502378,0.08287253995711176,7.587630453845511,2.0330233071930333,7.476109987151292,0
3.720058607724736,0.11815578138722618,6.612436113819285,2.5011292760645762,6.750454834444769,0
3.4112724560515946,0.10294921107947988,0.7195202696559733,1.9706482978843054,10.611165431621046,0
3.5944566857373212,0.09425988756204683,9.9168815827995,1.4053270128378312,9.190646575785328,0
3.393542301871226,0.12279520975853514,7.614573158263802,1.8979937198727383,9.410297317876353,0
2.4499228835141524,0.12701439720178478,3.5212451751522433,1.2025145026562114,10.775691940691946,0
3.0412198764672516,0.23776088718599508,5.580219101569151,3.5803397708229694,6.625291131283413,0
2.6753612274669964,0.10126054337700412,7.096859215152263,3.6218737477850516,7.994169697170411,0
2.73863848974048,0.15325859828571933,8.573272049438575,1.7540046616442992,7.632022679794072,0
13.078284618060547,2.162323588322445,95.11339998488938,103.2261357298202,263.07886448347904,1
3.18436657365876,0.10880752259438461,5.243874275127443,2.4207665625185864,6.470463420294933,0
3.670225223011572,0.09148708766020473,8.383364081334937,1.5447794191172945,7.411811383222733,0
2.7896191031594735,0.06306512508352186,5.687284494939139,2.0052052618949463,10.45745611045784,0
3.2524936394902286,0.01657003705609024,8.997654402995384,1.9864967554070232,9.298186768775002,0
3.630960750356996,0.16265664123841217,7.933616816633412,3.026087440960004,8.695832156241767,0
2.7859424195170437,0.0,11.179535005212205,0.9216849333707722,11.709974714961312,0
2.9825057547515192,0.05123169863608751,11.406760190232099,2.9330666057209855,8.028763992488532,0
2.942730077373691,0.2135724872711398,7.640197888872027,1.4670062805740463,5.344985018925138,0
3.04329489373645,0.07342727243203925,4.951330647212176,2.3607557546638347,9.016175428841573,0
3.0095738887078762,0.08315524366074308,11.23203031870986,3.777294768030454,7.117244993410742,0
3.371341209179861,0.13298249990411853,0.0,2.437506203473036,8.988995063560642,0
2.847387647822666,0.15639544966267846,8.730284834308774,0.33128613765387005,8.80788083213661,0
2.909804159118796,0.08996803505872841,4.994513723467699,2.7639029085756444,7.629468170139283,0
3.7061102777077144,0.10643087252024833,5.2681858367948395,1.3994933645860366,7.201150438027966,0
3.1643755548298422,0.16094853948968318,0.3565953310729064,3.9920944074974534,9.04102499325656,0
2.338771021628215,0.09291212229862307,6.780618296879572,3.061509157175844,5.663018215801467,0
3.5938396942307818,0.1332684467516415,7.706814199830358,1.149802254185344,10.942800696333045,0
2.9802224230716723,0.09178323970573045,9.617427037431952,1.948490806246072,6.074662931181949,0
2.889517913085168,0.19617228974124767,4.932691844058279,1.0190532729866306,7.074741446814219,0
3.284883640116102,0.15584168877649773,13.000715666960026,2.6506676287920863,10.055105427350314,0
2.0846835515717714,0.07965573777478127,2.825416748599843,0.874903672976971,8.180083167733917,0
2.8725113912895726,0.13656901262874963,1.2394819628847151,1.8864118863789496,8.273493005296926,0
3.083226104106528,0.18043904278671868,12.323665167415742,1.569003799780187,12.314431774895475,0
2.548046179267605,0.00022341097741307436,5.23531773825101,1.8752818417635142,9.535687389336223,0
2.7222614404198726,0.12468274238215755,2.7354014102842372,1.843723663294957,11.512203179387068,0
13.169824686097831,1.8858557033819827,179.71494397581668,104.80563601068091,295.7030381901144,1
3.291048851734308,0.1537166502385122,0.24246307884245777,2.145616996826891,6.2504475514912645,0
3.3481937237283574,0.13452363430607567,5.6163670611089085,1.6083293904959675,9.767249097941944,0
2.946484820022721,0.1544384827108336,1.454054011795343,2.781358119806515,9.749479243160515,0
3.0026218498590915,0.10977408657766455,3.9029687524084404,0.41281193032154606,7.5995666670166875,0
3.1998439758763206,0.003162364874876755,0.0,2.48674150215806,14.37314982362211,0
2.7561968879637533,0.13202714675373867,4.675583028825749,0.5276459384892223,8.016133518822272,0
2.800181907192699,0.12766944915372136,4.063784203841801,2.612171618618584,8.70484582876863,0
2.723175347326409,0.10094095248702993,2.905214453745823,3.0454602404822526,4.413692995091699,0
28.65638832778412,2.165538520194137,137.63088198890566,116.90639146805786,232.4863496560746,1
4.04619363784273,0.11289879906105905,8.918216611614888,0.385250137708669,7.173122395246979,0
2.905439804611483,0.14096866340697034,15.132148757247938,3.237369793563599,8.974626326106632,0
5.098203021812656,4.969827264569035,133.8669959685433,196.25285098226578,175.0811707089432,1
2.7131991135515494,0.10251138495828403,4.6326920307578074,0.6567906094160993,9.127633118773009,0
2.537883427865848,0.024373551735056218,6.1110208019865375,2.757304223774747,6.833314134243024,0
2.7625481716887377,0.11215458638303494,3.2090192347372026,2.871724424184136,6.622700182726465,0
3.218469084873175,0.19741713223949067,7.554773137679592,1.3487125350168183,6.879293687880313,0
2.3270101598766257,0.1263448961832897,4.519609581206189,1.9114289327312102,6.901299817597339,0
3.357000247046046,0.16652874520195202,2.753600611939839,1.933887606047993,11.844449120538906,0
2.990743432003805,0.1039288514859575,11.437474775229465,2.6603430545626816,7.007588248516985,0
2.642120005444624,0.04459437708705654,3.1254961446965526,0.9674667237905894,9.605455144875396,0
2.165297359439314,0.12513724037454074,3.9555278095480606,3.0296043614196932,8.006395981230577,0
2.2682425259339407,0.16397324658288756,7.2147116924484855,2.1555116037635607,8.456374577921911,0
3.289645749800544,0.05876938747826196,6.990939041098525,1.2691868743912469,5.507319412758252,0
3.121843605745956,0.08786593615939833,4.658999932755694,2.077585389486391,7.3447331253800785,0
3.178556285755873,0.10701799349240235,5.960649733846487,3.6056779580824543,8.18936277894146,0
3.061773847977791,0.004752777299468061,2.598228972955684,3.7441031844659785,9.057078403662803,0
2.7560442959271487,0.10880949112513462,6.186121043556998,2.949889068249292,10.452209170668137,0
3.061148751516142,0.05072301996395351,7.439841218193779,2.489130556649288,6.778474688536526,0
2.8434709847384227,0.04870659470152619,1.7668377626251952,2.486842068967491,6.3360577838429375,0
3.814198311564269,0.09608846704707412,2.0092051207936192,2.8399445397420275,8.511888754156693,0
2.702169352978254,0.11634277003052187,9.056118097922978,1.329456838583317,6.849325263913842,0
2.918466518028118,0.14040180947010358,9.958739153691265,2.7911400043558836,8.381847463510212,0
2.6161012174479357,0.028851253736916355,5.327248911049495,1.6461410371798961,10.74455782689315,0
2.446853243794183,0.2026909345043298,4.1003675765101635,3.065963719731826,8.564705327959306,0
2.4208176554037286,0.0,3.3349498953676715,1.6072737615741826,4.194747527137116,0
2.2371718427149525,0.14405733604066845,5.751884696309906,1.0142669665725257,8.532590712881246,0
4.0066936237633115,0.11621701050074341,1.0766703045570178,3.0896295229091613,8.908662866304457,0
0.22992150707053266,2.15227830825681,81.27272816899206,66.43240456751138,167.24525634938203,1
3.761514928204013,0.19438438286700954,3.3560125437765866,0.05750230903823006,7.91667995323733,0
3.092418061847437,0.20210380200718722,6.476042841700695,1.5042940534251004,6.350532040995274,0
0.06462657108218442,2.6619418809015096,170.16441777703093,88.48693406450374,327.40652082483325,1
3.0442034431459235,0.1328881588075187,2.5989937815040887,2.49200405410296,5.754197687846334,0
3.2333354909830403,0.06417132557879474,2.184598682776745,1.5976899772472772,9.400994126316327,0
3.097922627548841,0.14290070976510727,10.044477372254047,0.7225633961546574,4.484425152115855,0
2.984280414812612,0.08575815311288994,1.5241902090215445,3.3229261603355322,9.334710568909356,0
2.67311683067559,0.14847845128764536,0.830659570421993,2.316087822108934,11.659125192642477,0
3.13998431315991,0.09104533574919219,1.32146192656195,1.5007523855053448,4.9428240354726665,0
3.8199822646856965,0.036500070130306206,8.942679727110738,2.9341414422336944,11.80166363013149,0
2.388936095554027,0.13015473424744167,5.048374363701417,1.2201933242623997,6.212838064043979,0
2.5697933173580236,0.13394734938811165,2.1471398507165853,1.201793923641846,9.406436509713489,0
3.4706552903837418,0.049604415228589695,1.593092285726513,1.7482213260736208,7.417957053829412,0
0.19334340779396503,2.0759700681693714,133.4786875433115,156.0104085133229,242.71281511695645,1
2.7266599577063673,0.12671824493181919,6.87595500206451,1.3610149459333223,9.741635103726928,0
6.6181236764720826,2.1067527557398393,130.97504116137674,54.96571526883439,259.815533502818,1
2.7618895632276703,0.13546762572276588,5.237143406450838,1.1603916279593278,11.013057272624533,0
3.1905791924413887,0.03334358226110967,7.278500112548366,4.632386204677498,8.054975266721625,0
2.8959388748213626,0.17092656725740185,4.27570830582502,1.3276064156734977,7.076509917307746,0
2.3944140353596093,0.11539161862569425,8.168303755009967,1.905727282769034,9.102873076351091,0
2.9084016906398062,0.05741689128328034,10.734818201189965,0.8703325406894631,7.439951534156461,0
3.764775159730307,0.06828570761552985,6.371639191077541,1.9026888492984089,7.7944650770248005,0
3.5152902928120286,0.1564119891634419,4.586776818836219,3.6785739643487574,5.183137019263278,0
3.647935890931507,0.04504776242225637,7.47777074909196,1.5026304668597372,5.978237006820797,0
2.6997882171306475,0.12079184181430302,11.557191850167722,3.5018791337963187,7.532240793373263,0
2.1695195332420045,0.1651639018658032,7.0622802653795125,1.3991128241461874,9.95067146977752,0
2.733649580169044,0.0848324966261433,0.0,0.8280660707768053,9.552587181494644,0
3.5838910308299035,0.117335498880246,6.192191070377703,2.5558260275751272,9.047455530827706,0
2.7252214320457098,0.0,10.951112406436254,1.407200766821353,8.618315439034928,0
2.9906456217770514,0.02639814634866043,5.239745791220113,1.031664136746441,8.52303719345166,0
2.177300626521554,0.008182010811480137,0.9815319004140228,1.897943609371152,9.263800678315626,0
2.5908896583832637,0.022551973747326245,3.8363726544125916,2.0967549184388004,4.040811448294944,0
2.221685413238048,0.09298124705473318,4.251891124482556,2.542423969532102,9.021352275717614,0
3.6727100230774887,0.10234674510301849,4.8825136536717215,2.8918776345702746,7.910866201149036,0
2.665463630670042,0.0,6.392753714369011,2.9606132325034853,7.140334353704293,0
2.6076190459361483,0.01285262347566675,0.0,2.717738706658979,11.690799362500758,0
3.2362987412065216,0.09389714339393614,6.529049231726987,1.8564184112878657,7.630249645610817,0
3.834952252175703,0.14250396662087766,4.0308728936809795,1.1806584072654265,9.14731392655343,0
3.6154372565773674,0.09275607190260567,3.6463435191683704,0.96991394509557,3.2337756378281535,0
4.061078098506316,0.13193300843215514,12.913645256780601,1.5648612520379657,12.736669084800875,0
3.2008558610494706,0.032227624844385544,7.049637212003207,2.1393196307295597,7.014230175232563,0
2.36991761741371,0.056535650650567815,7.778772473253177,0.9614591429642441,9.153840821368586,0
3.4371945903563637,0.10097291277594417,4.135531908466647,1.3239292847063906,6.548163828012443,0
3.4656400595580994,0.057161395308660365,9.500823827002964,1.3097237667627954,8.47893397756087,0
3.0464224505705575,0.09291757069949366,3.814149355951458,2.591571018453098,8.036236955251743,0
2.374796133015141,0.10535849576297981,6.868832091239924,2.9955266916741143,7.704022504954293,0
2.9689044915003446,0.09899506241151743,2.282608359886557,1.4097780336943653,6.3834723498661505,0
3.584794996213887,0.040479613216275495,7.831146517268133,2.6099513873319773,6.195523594570467,0
2.734514551094018,0.0859437257555957,3.0893528331831273,1.8860034471603737,4.706977226796118,0
2.640777889373782,0.13394656450296394,1.4915581123909503,2.609238830889753,6.686579200447067,0
3.7896064077536957,0.12430181447088186,4.036522883882893,1.797394227081926,9.220879639618985,0
3.2331791872231674,0.04359687225961531,4.659223514894106,1.8870188768933895,12.172528201616164,0
2.771451871706864,0.07011661583725715,9.047405315340288,0.0,10.222290430408925,0
3.240504615868357,0.1597381430938469,0.6838396968293914,3.0270604268730175,8.800736578925122,0
3.0016877532985804,0.15244320709376813,11.444890591360878,0.0,10.632198903700964,0
2.737739866860113,0.10893473584052378,7.145523170384175,2.9877285159245996,9.375101439184988,0
3.0610049073226806,0.0994453998025699,4.413582069242079,1.1425575704527833,10.723521826680447,0
2.950830186602625,0.11534905363431189,2.105630787110943,2.5495743160644437,11.977769277509706,0
2.3150985102104613,0.1677786467855174,10.062644165710381,0.8024676887348379,8.338806149824139,0
2.536323432904713,0.1802169554154298,6.157132521594358,3.67817992212487,7.0453102831123315,0
2.4417377800256705,0.07555569404781544,9.879292203826578,0.7103239020389442,10.900680517518124,0
3.5428931624696736,0.14913415713849706,9.486374735728871,0.0,10.416646571894466,0
3.115035379595701,0.05974524094847456,5.726212010863902,1.1510953436295355,7.25897328681226,0
3.1757241037707913,0.06713137230026378,2.8776813655634363,0.6875113096636876,7.404209310512939,0
2.5834719714996206,0.08194953883737152,4.910933629142065,2.215031942943456,6.745926981700311,0
2.6216024557152697,0.1423441051942457,9.996809641059581,3.045056145231206,8.21015194241659,0
2.7852972294373735,0.04548957966002851,5.195073893566341,2.2141109822861336,10.921360664258273,0
2.5824285491849883,0.12748415931451298,3.587734702625654,2.6611529286613465,4.823545802584359,0
3.125100103125847,0.12767847655338968,5.41656809729264,0.0,5.10648578734307,0
2.7485126147243286,0.13778329193721572,5.564220070975319,0.6146394815555056,7.171578438144935,0
2.990369810132803,0.0871189757244503,6.256113734877105,2.657321095119539,9.802223562124343,0
7.944655213751662,2.028073163886116,130.75383250920754,156.6757810995536,84.29827705027171,1
2.568004615160092,0.09694980140723083,6.474238269066581,2.7271712595339492,7.113562615144609,0
25.59615627781441,3.7481441218277944,162.49338376407945,87.17790854853035,73.84045698616862,1
2.7479100844961644,0.03320687979156933,2.7478389965215615,3.0945624546137953,8.759220112828961,0
2.9343715164538478,0.09208472609951682,6.796989025052792,1.0092630812587158,8.575364087351444,0
2.947025822847932,0.156118710935158,9.080504392484038,2.1026905167485874,7.409038372198435,0
3.4448153978117184,0.0938135526862582,0.5565628261348525,2.0018035063564144,9.095079640338106,0
3.3725026564386407,0.10806497713313476,6.178305089153373,2.3090544381042877,3.5464769500855473,0
2.603563583868828,0.20264860122508316,1.9871283095172405,1.2677004502629114,6.99482697218863,0
3.5154997612479755,0.18674682879184043,6.0236475274761,0.25546711139394596,7.663324731525618,0
2.5914556844659047,0.12438874105421692,9.494035310913283,1.2630986477682011,5.335748469446705,0
2.9302768621595003,0.11672192574242608,6.0771652804411005,0.8229683685469289,6.88236741652641,0
2.451862456552399,0.11941878646150843,6.768917694072201,0.8306847349135311,8.699655825360177,0
3.5088307334217514,0.06452844213357621,3.265363705340738,2.034393795307583,7.111040940244591,0
2.672962158436288,0.0882041735343938,7.43008171551835,0.0,7.158028263973648,0
2.769680614520106,0.1579537032477949,5.005930534267432,3.2782809474594865,9.310156035261052,0
2.915589138404995,0.12479025105137855,4.578339543492705,2.1434289370373243,6.017611564750891,0
2.279974558702853,0.09525878843595639,0.0,1.849852167982561,9.801550263581117,0
2.952352233806524,0.025049201977079938,8.206376964182876,2.6543881340607633,7.442830552486571,0
3.298700034924929,0.14456518434348778,3.4160179347031594,3.0179570524293595,9.219818245309288,0
3.192032724469654,0.10727605988841205,0.0,0.24179112334456487,8.589153601080639,0
3.0105019208163797,0.12082230190507263,7.149020241621232,0.4634693096179616,9.506426892832314,0
3.8345107626446966,0.09087155128102295,10.389995605025051,2.3740620881310437,7.59792245626673,0
6.874399766218245,1.9379065587731994,114.21413172970391,87.45932532302689,298.92347585212553,1
3.196742692710875,0.12962836369236655,7.3307950770644865,1.2289578428587955,6.2266699306312505,0
3.362883311949346,0.08579224510356015,12.096223315999922,0.8281686995274748,9.121522536011145,0
3.1855729366856544,0.04442098752432244,6.1736279817121815,1.3724599972559273,7.367406927270311,0
2.3837383426157457,0.1358294669879826,2.9398028132979452,1.4612737196535588,12.355108377361546,0
3.745363068424976,0.10997119929933837,9.186302246597556,1.84967162623629,12.76919560066294,0
3.279163456260861,0.14988160384601223,10.950900957308058,2.040307699330248,9.225252754674225,0
3.25796960885205,0.038540820109979196,1.3250003340198484,2.6564065654899722,6.278985346989379,0
2.914907688737536,0.08929661511360694,2.997999856350559,2.0225003882454398,9.435692457992534,0
3.150895949909733,0.09713046484992288,2.0576359747593225,2.9035206838035017,10.076772074319265,0
3.009808328846995,0.14219197548208687,6.755063996863395,2.394757389107993,9.448856352470825,0
3.236203138940189,0.14136180538287116,3.6600708595561806,1.9535034188734421,7.437953605447891,0
3.174900012283954,0.0794740758635135,6.489903844939686,1.4870257560321882,3.85945291097321,0
2.353363521064418,0.13853751048093937,2.5955482345069796,1.8789245676094462,8.331230250193444,0
2.795962313489224,0.102583048842554,7.12169412141283,2.103381996212095,7.130358774267772,0
3.1615396365580146,0.13431767775072667,3.8737776605481145,3.134639699821057,7.08674242855619,0
2.931275742686154,0.025137117741067777,2.1318243449498167,1.8549663084715775,11.365776777895663,0
2.107066754032944,0.08709124309842828,7.692967314949231,1.2397155613784063,8.000321014814169,0
3.2202373689801993,0.07520609139949254,5.893628573071536,2.56563290188672,5.035046969272715,0
3.0714715473818535,0.05882325146870753,7.349479663331032,1.3030585398619032,10.64509692566332,0
3.557160847334436,0.09928648235253058,2.1605276120347154,0.9140368292582937,5.273793838836813,0
2.661142315123947,0.14099626263176174,5.234022255436573,3.216723492497947,8.33536266689848,0
2.575077815267604,0.05409365082917126,4.219891249458666,2.580999539961692,8.5410269509328,0
2.5719580870455663,0.08018851609491201,5.80754276076548,2.7985013379072203,9.010778023464274,0
2.939126245808358,0.05435945403517435,6.405620484638208,2.9661396608610486,4.969770127501039,0
2.486162429537021,0.12654878309820453,9.395631510444144,1.7928383109059598,7.262233794125953,0
2.991788551963624,0.023364972005503457,4.097522131903104,0.8905444445537802,9.655315019470397,0
3.076177436016861,0.05935882048317176,7.837788755811135,3.07502121451091,6.449034702631173,0
3.5699392805645225,0.059885998643022825,2.481417325947028,0.8214272152298263,8.400789569752703,0
3.1252464251729384,0.14209918477260636,10.676575282499204,2.65863195279051,3.58490486865729,0
2.7356916591251217,0.05608683735882667,7.328685514172318,2.773547615107018,9.402262401425837,0
3.28853606359027,0.1343532897929458,0.2616911038472036,2.6712701367053535,7.542431312161237,0
2.5840888958847774,0.1055443191414209,6.3617156883240416,1.1444723120593763,8.299990179815477,0
3.2267671507569897,0.16359462109693285,5.2979414448540485,1.7263723896067318,7.996970994103908,0
2.6547294738418703,0.02965282997434153,5.997116999671954,0.32691598749426,10.264193761669379,0
3.365935352144148,0.10239126598923415,7.493633309599267,2.07793729655821,10.44095278216215,0
2.7131499980307106,0.02881586815580385,0.123523189400502,2.604097426355567,10.025885769339563,0
2.5970649667519057,0.1483913012012602,6.197132421939578,1.114331815993584,6.975013218238196,0
2.218727071556729,0.17260588495912804,8.529599761363297,1.520475005368216,6.790638299745178,0
2.5233356958706437,0.08731619612288095,2.8062362935611294,0.14626775878087672,9.591374040244773,0
3.3147647921109056,0.10147152958387762,7.914237073017079,2.0682067826028363,6.611003179503898,0
2.705317621527894,0.16384826930440938,6.516673559645023,0.43304062883264716,10.25286743349206,0
6.15114604850098,4.989454153118016,85.34657241256285,50.17149360059629,104.63995504906812,1
3.927046283167094,0.05510849667871853,7.010149015446571,4.117324144370953,6.861277615818263,0
2.774993571002093,0.18356737877187382,6.694328792942452,1.3103444950990562,10.580850649233724,0
2.695108547840309,0.16419084299267805,4.082136705405224,2.0927430657795525,3.9521367780341112,0
2.8201851637737687,0.12550621806250375,8.768592318241048,3.729300866044756,4.523204842956428,0
3.1014615104256498,0.07740253140440612,2.522501680285857,2.6054045047627468,11.279913363657322,0
2.839307079173503,0.09255153451163516,3.665579485488529,1.7877556901600695,9.144346262074928,0
3.3854325969434833,0.0680858636735753,1.9763962603336092,2.753189949732549,7.902447470998767,0
2.345589800440444,0.020030261890284437,2.1479279197542347,2.9224811702331093,10.05576778286682,0
2.288873145201163,0.07423908030958787,12.495291451164483,3.295207072669644,7.728253903272408,0
2.507136976832228,0.0936172659240905,1.704772346112342,1.3742269562682237,9.09825335111673,0
2.867671583381022,0.14876562292389894,9.774201103288412,0.973374517115821,4.958556940731761,0
3.3279503882648807,0.04957756337263252,3.035690673128152,3.830743824831262,8.29611482778163,0
3.1788936801741414,0.10925877684149571,3.3432162436621744,3.664192054783899,8.661727062133824,0
4.539440404227619,0.15767951716584627,4.267914943486597,2.120634760893454,9.067961594837328,0
2.9443869693256497,0.11454485287950031,7.621969253020648,1.5734003637139629,7.519203048623178,0
3.098955391731324,0.07104379451821269,6.214470226424805,2.0415418405638945,5.37817598585568,0
2.9245811442166523,0.03220148275700181,3.8734730580815016,1.7382192776572931,4.989856251492393,0
5.720917248547817,2.9577164432917447,173.83297785765185,152.21466860528585,274.33675586587907,1
0.15191901139573774,2.766221370535569,138.91398158777235,164.3837005622162,430.16722365746455,1
2.820115677105457,0.22859976587474845,0.906587439148157,1.9916392127285432,6.839289994294537,0
3.9978337448919823,0.08713499996911052,7.494496600794986,1.0071312946213018,7.330453350590345,0
2.6452100726254137,0.18445944668258396,4.037648414444003,1.358584209976566,8.65276201569112,0
3.2804597239706195,0.13354556241384377,0.9796253130356423,1.3229888232096565,8.04005467960806,0
2.7305790719036307,0.24121652955015233,8.580835265517763,4.105086639334502,6.33398348832112,0
3.416961077274452,0.11581791607680725,7.9292941315942045,2.1929896417729293,8.3961138517703,0
2.3728552884153755,0.08504091137862828,5.089388495364274,1.4782333427009284,5.8243249045727605,0
2.316431096769877,0.028187306753594113,7.578892360564538,1.2462923551382539,9.604665555768932,0
2.820829923989389,0.18923875195925477,0.04327196793953103,1.0769276036844224,9.597296414382287,0
2.972115461171147,0.05561152442307297,12.357109738606171,1.967125514847566,9.07930954869014,0
3.3802073280721485,0.04751722505450295,0.0,0.24004111785074977,6.243002418060991,0
3.882727120140548,0.11144981962296702,0.0,3.3297943652050757,8.905748653589782,0
2.5003488838525447,0.06791665899348089,1.9109112811008186,2.8519290707908427,11.512755975255985,0
4.492629501301705,0.0669229278742354,5.605997032271963,0.0,8.307298258593239,0
3.554351790291454,0.14248059942581065,4.709719690439332,0.8807497577793562,6.721869334335968,0
2.0984301618720274,0.0868626626156748,4.518321171494608,2.9305333193245913,9.492746483650745,0
3.4345772962484484,0.05166490546486702,3.900974968586727,1.5082333873437972,12.871970248458487,0
2.993251387631033,0.12267543562772337,6.5074990883878705,2.489178350637794,7.7513981222430015,0
2.8173392243439457,0.14198319322155944,5.132187702219798,2.717263543783215,8.720032930476451,0
3.1885501969510934,0.06301144180135164,8.362901070843133,1.3550715396777022,14.571447427363683,0
3.830735082864009,0.0573887678501338,3.3671115610571243,1.5906797854133148,7.505214120105128,0
2.2431428036935865,0.06460445296629624,5.575668635064942,2.0439005331233884,7.063750932407619,0
3.6000394782134304,0.10566971959833447,1.7944377377526832,1.4097853877995106,4.7647570827477,0
3.447596610013866,0.0,9.823745183357472,3.000820497768414,6.3688164575617,0
3.676936187082706,0.1744556554164145,1.143226997731917,1.5248747215553968,7.6691518956362135,0
2.708620671194209,0.08975616680676414,5.270929397619305,1.6729265691362136,9.15994434206722,0
2.1480642065866404,0.08817755816320703,3.85154755703975,1.4494660317992987,9.26639035734383,0
3.9422931529673044,0.03060657247720991,8.047811670690669,1.4369189229476262,5.239294129173629,0
3.0973037276186215,0.10096906188490126,6.332435513261772,3.3486931986455124,9.126819901644264,0
2.982179258851258,0.08892317012081309,0.8023152223261061,2.433063946741319,7.710628478515313,0
2.7199094799015153,0.05310372117318006,0.677055096425244,2.8468399454691653,7.8455565768031486,0
3.4581638373512407,0.09339153221778142,2.367547933533105,1.5998803386988691,8.19825158495232,0
2.8644381994787156,0.13277019149251185,4.359220273384873,3.3636072951997,9.010786752440927,0
13.876999640967833,4.080443890939965,127.65881789196347,46.676042260966845,398.9365317348906,1
3.3085029747883485,0.11877279288136265,3.329846306428511,2.5385031566390435,9.763492801520025,0
1.6821261304915611,0.1037788186335019,3.9426388050867747,2.422628617192566,4.6358654326044295,0
3.436160318360339,0.08600948288114971,6.072984099893269,0.0,8.346395285417495,0
2.7116143347158337,0.12173850322784456,5.4362816522172785,2.207542294888742,7.685527215942896,0
3.1272104216506067,0.22557782757922118,2.7576330381253635,1.773472527617162,9.211087965171165,0
3.28195456002618,0.0876808298742726,4.658562384758726,2.1166617511695036,4.5853140927008,0
3.024042473330691,0.2033953169081776,4.875988385572489,2.4417606496494795,10.666421122760088,0
2.6942410985040257,0.17144288539067837,3.4814328167439914,1.3179252019762169,8.292021219551454,0
3.2505470849699227,0.045693685040929514,5.88005610896895,1.058618513860735,9.40044382256458,0
2.4592259981928026,0.13324635811508706,0.7790676136880332,3.195177411511416,10.706903122952237,0
2.8930055778872457,0.08448461473075482,4.225974391407173,0.7776353850127609,8.716599629865536,0
3.0706285700437315,0.08861401925821236,4.093191823752421,1.6400889064333284,6.619323753312191,0
2.5412485894928682,0.14380869658465378,5.782300452449189,2.2485451051189873,6.969212403769158,0
2.552696348890248,0.1405399322795855,1.085549328701152,1.7950675257583921,8.445432125201929,0
3.3162038695277607,0.06089982537444816,0.0,0.5752343462785106,9.402511278886738,0
2.648973453061324,0.09527706427789986,4.511888895292724,0.8434447829326637,7.985488603068678,0
2.996739342385271,0.10465791688498713,4.4995557779048205,1.0827383578227125,8.086408097371008,0
2.3165606507922893,0.05298005417578234,2.2986546158659196,2.7811753362875993,4.073282713468959,0
2.5390700934373434,0.1119813759119499,7.775845678150494,2.118350201123436,10.901598932617478,0
3.523549151306077,0.06555572287122972,2.6522259123556005,3.9856764110148397,10.677039017162544,0
2.401061053705576,0.041417282634121914,5.37252705423384,1.7985800999230266,7.903360642531311,0
2.4018966879596646,0.07353339437758147,12.163903116574197,1.2119237460963288,8.438408375267176,0
3.1886059375322606,0.1231241812033427,1.6067982934922371,1.7654209703808124,8.746244794182019,0
2.898163124911517,0.14196745571158012,10.75177744527837,0.5895325835872249,8.33919535278987,0
2.988223924562881,0.10535287264961485,3.0894643571888314,0.0,10.893645680223068,0
3.8195584027220337,0.041027016774610986,8.8591464109866,2.1464142918426035,9.729169583503541,0
2.2079320284972552,0.020205301571294326,3.334141692196891,1.339158803247419,7.929366280810209,0
2.7578829635668742,0.10740447098991382,0.0,1.5246077577854578,6.581942195370056,0
3.0190017390841,0.06094218109344429,5.9314182625422545,2.2454986817943126,9.610479715808813,0
3.1962079835893835,0.2092547447518056,0.3408941664805383,1.8861752276925232,10.44927746243035,0
3.5970547015236862,0.15134473091289574,7.420029206493089,1.6917840718391701,8.317366647237458,0
2.9463489279978856,0.13222592458226456,8.337902915609906,1.9174864810886054,5.025420413585143,0
2.8666738353827927,0.11069043969705318,6.896648942095551,2.5484632735405706,7.6440275840973095,0
3.05268775307298,0.11978994243548736,5.474281695730358,1.163805149295829,6.269581892295506,0
2.9878227038695084,0.0074078634212670635,3.329663681469901,3.361006704769774,7.640940332048159,0
0.2985155259825017,4.167702705241289,164.40563327871357,30.169828685380253,358.10223233713776,1
2.8369882339160792,0.15972961102568656,9.414755247709682,3.3906435959499572,7.833178530506877,0
2.539663203460317,0.08541206838707315,9.077892798094418,1.8435907212071974,8.333632119036555,0
2.4987353176810956,0.09171842948411839,4.294178270082683,2.482533709821185,9.134435810867744,0
3.314814420961806,0.1568657271182365,3.2426218296539293,0.9369637271462818,9.288129845914446,0
2.794061516938766,0.09838596944752649,0.7914015283764364,4.0084730109816995,5.009604825393689,0
2.999645702711677,0.10311656748095616,6.029475662592249,3.677239592974457,9.18901800526294,0
4.126217902672154,0.07612946469035999,2.6748651109512807,1.3773282334476171,11.771577032971054,0
3.2736323986889833,0.13642593217572682,6.753868857460223,2.0940698411915237,7.435375916150141,0
2.8756544369082264,0.15867211383162225,2.6823736644732925,0.48333745371407866,3.0,0
3.737678108474776,0.08295460613269601,1.8860259350323103,2.4799397411482786,7.3399862627502275,0
2.7676913513508037,0.060193159840675234,3.500382708767445,0.36175434090546643,9.815064601585394,0
2.854862727905674,0.10631338681170341,1.823599555256541,3.5745863577623425,10.13728443918017,0
3.097192150788668,0.10227819405709491,4.809830443895567,1.61241910874443,10.685912663262453,0
0.12315987793676303,3.691155646630008,157.37317369377928,67.44197987333321,126.72388480455241,1
2.530060106836322,0.059751675957371964,3.6161988485050784,1.447307046216503,5.61324237511236,0
3.622339790368393,0.0,2.4854705530054058,1.6483398161657847,6.823276871386444,0
2.90855177944758,0.08920197398248839,4.613367863933739,3.1888062411931566,6.218607829475445,0
2.941885478439021,0.13361946688056914,0.9461287919046963,4.4398744669855015,9.055136232224067,0
2.485314245908964,0.09768693913668287,6.965700885541282,3.3295342439705244,8.954592017618847,0
2.425602982420672,0.03686151121507179,7.344491718381896,2.011369908798494,5.846366052745887,0
2.814692833956947,0.08814940149936862,7.0608698962960315,0.5603918692011727,8.834658603320879,0
3.2572194170293747,0.20234310978597791,5.545969647868393,3.3558053394315013,4.267103694473049,0
2.937106539950176,0.138201489078643,9.366303451745974,4.401583661030353,7.327592526666471,0
2.962783285449977,0.0,7.472308690567117,2.8369911546336737,3.0,0
3.8694256759266654,0.11094819579279876,5.254596375083312,1.7158121178452215,6.5300962463292445,0
2.8749767427005235,0.147440654823581,2.342087798306669,0.6845617341127379,7.172379762756206,0
3.029966315133164,0.09710461250615457,0.0,2.554638708131807,7.3618741604306,0
2.7238884778595143,0.06380048341286955,3.145518653949118,2.5557421780428924,8.02097596534775,0
3.116608065631751,0.04068317864450728,7.23375919541939,2.284566790474526,8.548920355227683,0
3.106646853686469,0.036288394046160244,6.711461992590721,1.7881104688017575,7.006073734158997,0
2.7411943504819143,0.1475007914334823,6.653051180678899,3.8961232762543467,3.571463628230897,0
2.4886037174007973,0.14010642293090597,5.967513980869715,1.916866474278506,8.663927857133107,0
3.1017318179336115,0.09679079193555905,4.002261860450375,2.2750022982918106,10.114118022713154,0
2.7763390521706244,0.06664054576112474,8.305213585358628,3.2998712435306046,6.734384801555636,0
2.879381971071835,0.1257647160812234,1.0026549563163023,2.8678054595424456,9.307785220542048,0
3.3389629356696346,0.10785639594954705,7.794997900604285,4.349108558025033,9.6538921218856,0
2.982086980445024,0.11011643982114011,5.554911725219469,0.4023802708315436,8.588032798613263,0
2.6081171672068018,0.11599825955725816,2.6402837253264497,2.9610934572320833,8.329913750818049,0
3.377145664906787,0.1341611507394404,4.927140512989922,2.7787743079777822,5.6586749395996225,0
3.104829707637313,0.16440378624261887,0.12463622335242519,2.365169001048321,9.479518581394538,0
2.0122667168230643,0.151815144603624,7.1227754659238585,0.6858004703768907,11.028495199961775,0
3.443827712936918,0.0510629581845117,4.204805009334262,0.8690126115144137,8.025308928297308,0
22.538460522412006,2.3274138563359013,119.55991818498273,53.54615223027706,178.05501953593327,1
3.4093888218774304,0.07367341564519786,4.560557987815516,1.3578728261683968,8.618832370284101,0
3.1193945795132567,0.10399007420293666,0.0,0.6182308114322961,7.0493531646356224,0
3.275742688020234,0.1398350963535371,8.49958500866301,4.006408637712937,8.1878129633209,0
3.5846477952228364,0.0045998931438346186,6.34948164117953,1.7835812883616289,6.458001974362543,0
3.3898302661346698,0.11164340437134491,2.2940220516704075,2.609737723336705,7.5852864626119905,0
2.962777042116916,0.00650918302339179,2.819774285353942,2.420536705904069,7.345348849855209,0
2.836052641743541,0.1560930752397126,1.1206332487850887,1.8134267469446352,6.434266979405018,0
2.778358874404245,0.06637572019968319,1.1424079481608551,0.6305362253439419,7.62163932968216,0
2.862474151424178,0.09543002212454428,5.1127245780075965,2.412355969085948,10.957027757147085,0
2.852525160853986,0.10227457381653761,5.0420149021141425,0.08665966527719715,6.887068444300048,0
2.3007162130904293,0.10226113544999914,6.315737872763016,2.175574084925822,6.48307215413827,0
3.1386884689790957,0.06324415996377061,3.304223782368789,0.3760821574300328,6.170692529348541,0
4.279099642834126,0.05212155224923941,2.6773885449412984,2.084972962635827,9.518884347645166,0
2.541904042259379,0.07790755363795882,0.0,1.418419236772782,7.663720707901666,0
2.3184129977035948,0.07043576055990527,5.27337460176013,1.3839724562820441,10.236337096747949,0
3.1303368829119536,0.1097421170135069,5.973974706507555,0.9041608369960421,12.333918534493932,0
12.166000924570085,1.5755646889993637,80.56332783813825,180.45913801509417,322.6338357727531,1
2.7176129979145287,0.12344890390742339,8.536530332076932,0.5160209405325824,7.976820431362357,0
3.8388504070382203,0.17175436996111176,4.228842773560806,3.161503048481976,3.674641978970941,0
2.91993360221668,0.09426795822468038,2.2247461385640945,2.054694865374626,9.812686470794304,0
2.6327042116009753,0.07168027043926384,3.314209658426221,2.3886472460333104,4.320724254875394,0
2.3776726483442916,0.15409924046249712,5.563401014127566,2.4342636499220713,9.590468498514364,0
3.03223720740506,0.06187403804267009,6.423900456700377,2.1822802235378695,9.13049424794946,0
3.5983157433228254,0.1161592741229103,7.844428851416149,2.523998955584328,9.507202218319629,0
2.657685087119998,0.19038042538846317,5.019144622889945,2.3029718735872833,9.10162567036701,0
2.8391824743913086,0.1839337336686283,2.661874024219649,2.2736601192125017,6.983469707833359,0
0.09526744188590541,2.095751222087017,179.72350715875868,141.6106218835103,115.77440921532677,1
0.2748332531608913,4.8263450303269115,88.81546442522992,152.27613546176664,261.81104793820055,1
2.87371592430342,0.13327084118458893,3.1988429213866825,1.0668809113138584,4.986155401723973,0
2.8827064333124266,0.12899286426475662,2.8458056491452073,1.5001289654949677,8.324446433797664,0
3.328276804316915,0.115659223693249,0.30613361799258687,3.1911730449400957,8.340969361393828,0
3.5928520773314983,0.0560358608794006,4.670407630694193,3.19836856937346,7.896837485568844,0
3.608579260412748,0.13463845159244303,4.356387006446109,3.1026920460743783,7.292418537715372,0
2.6976276677308935,0.03645241394538587,0.7359501640443584,1.1956384982373829,6.849019573807757,0
3.539340416715648,0.01920566062947636,6.382391730847902,1.7407781869959074,11.4758095236705,0
3.0872889064159197,0.1286195155587838,2.417729594894541,2.448078341012892,12.03561289758606,0
3.3365906756349792,0.13310259173792366,0.9560126468984933,3.6776254421561347,7.893896016149788,0
2.902651351941659,0.13220618839250545,1.7367539739389959,2.1339418829520134,7.9242265979563165,0
3.3522532699123615,0.08398074702816029,2.629948709554376,1.6855562097023706,11.657949512508706,0
3.6334555745933113,0.05594658316693539,9.169292401839066,1.164129744381694,9.632162088227878,0
3.789059028781092,0.1590494952652836,1.986986521118281,1.388811497749714,4.680188874989635,0
2.9505551734044286,0.023641607170517623,3.743109663436296,1.7287034368523595,10.15125358803532,0
2.5051975898707095,0.0582838477254209,6.120601050235306,2.1849625873420866,7.756525492432749,0
16.14130717986666,2.8423028307860676,178.5666023024507,97.87065884376045,179.97250101398507,1
2.7385699864233657,0.12437801485433594,4.9631046520758275,1.3992520693614323,5.064163644722399,0
2.743401817743302,0.010089263029544632,3.0105062296214515,0.0,8.228465289004712,0
3.26141774401775,0.20849682940402714,11.146124773096552,3.5448414624182583,7.6815965768267205,0
3.390911435888655,0.12350220936841011,4.339658806235514,0.29521409420988554,9.401944645407932,0
4.316191032418695,0.0015538428791958409,0.0,3.0467127137757637,7.201858921513813,0
2.7212884734458394,0.0,3.728296783002212,3.5051959988790395,7.705656704303127,0
3.3395713877190976,0.052440781480602196,1.62763442341768,1.0093459225007615,6.614113539705864,0
2.795358780943448,0.015386458417833565,4.450264270372154,0.866957652622538,6.826083580047431,0
3.500291159021489,0.15907838582095732,1.998111882550278,1.1863354248624471,7.697401920460585,0
3.941012248237517,0.0010887375312594871,6.096182725775423,2.1821706277121016,6.5689744677545026,0
3.2373491164399764,0.07677094609421908,2.0831052657954956,2.7138774440901376,5.2815974626733535,0
3.180751762603051,0.10464896232647049,2.5260489791279372,1.7648351217489031,11.269725702320695,0
3.395831346981468,0.0705364174105347,6.857098839765597,3.0745297902299313,3.1397552485452875,0
2.379119712259188,0.039129810325152406,9.765341528720334,2.8380140545363104,10.624415987203063,0
3.315405842277389,0.11720269607817332,4.257978838924529,3.2724833308487593,7.003616158597122,0
3.2852993342965795,0.18145831824504727,7.421139249820062,4.1718026673966015,6.894498425867356,0
3.0409146792737825,0.16033040774319576,5.366729013641199,2.103117582445637,10.879908082857261,0
2.9288102574893533,0.10630889518309837,5.919352588890022,1.5734287471694264,6.334273449690929,0
2.7038030378805655,0.11614872518088341,8.805749706942407,1.8789789689904357,7.989918259552943,0
3.5945082655537757,0.04464215915987742,0.0,1.3581785960556587,7.078867940480885,0
3.0509281476309935,0.12397537740008044,2.274492465463427,1.0406450393518771,8.88456327666062,0
3.697841905394978,0.0492760136646293,3.937380834473635,0.050409827273967256,7.514967100947956,0
2.3200719295100405,0.16627160545475395,1.5078481027825235,2.6365532068732644,7.871379099761508,0
2.5957531985534064,0.09070771239036264,4.714665056897702,3.3755969643042087,6.390496372561724,0
2.9278197940380286,0.21062655196986213,5.897257202063318,2.135176241342669,9.232788581060719,0
2.3998517964721118,0.09135991313017679,3.1852797082154756,1.7003065040671108,11.124530221310138,0
3.0653702886430456,0.13232447688628854,6.481932146616934,1.566009537784043,6.454726220693799,0
2.7131689965598818,0.08199803656215086,7.4994732998883045,1.948045229099222,7.199885132234948,0
3.4877725635611796,0.08021596441218681,6.794297465142399,3.1516655830474756,8.567855775209443,0
2.691174052282825,0.11004225465578549,0.0,1.3446724767992055,12.525137616670637,0
3.4115852919809573,0.08304388603649807,6.147299947077606,1.9237609826794024,10.071832418864068,0
2.732335907023039,0.10406392110280994,8.897449461643003,1.7548275781486142,7.368072097294603,0
3.389468251756057,0.04008039375239774,1.028146747341312,2.690700889348637,7.053633787385773,0
3.0065009459389533,0.026660740469216154,4.528925514665876,3.257613112576651,4.025379540547143,0
3.091671002869176,0.05177311025449044,5.193517918587715,3.2218046849767017,4.348769642870707,0
3.2067174516118504,0.13910650007657296,4.821037064023425,2.8571583884232883,9.716746463944254,0
2.6913734067265382,0.08897308854217313,7.521820138350149,2.405850266692899,9.17162596710931,0
3.3175859008409847,0.0685057723818095,9.06036094286361,1.2183279276531125,7.300274673847126,0
2.818193893893072,0.09092754653762417,10.233751610225745,2.5948543733972445,11.87618979878628,0
2.7347494261947363,0.07727261406282779,6.592049369030144,1.315187890261104,11.052431917592557,0
3.720636644533058,0.08921661812261839,3.9129573273616933,3.495571736482426,3.957995358247513,0
2.8591076955697465,0.12404540463744478,3.6927065090881426,1.3468626100700591,5.799715167457928,0
3.0290113674041974,0.11913267757387458,5.407567704698872,3.295927861573751,8.124358459624576,0
3.011232946406023,0.13445822285371678,3.9995411570909143,3.0608000718059474,12.286889637087295,0
2.56691257589275,0.0735266518246496,5.20911280828784,3.295007149938418,10.926871308521989,0
3.1647543677865047,0.15300719093356352,5.48080657225273,1.0229278538585989,7.511569919648662,0
2.5199768523602684,0.07154259006637331,9.99998977768257,2.720639231357267,8.019627480792808,0
2.8594498535570225,0.10142287905915795,4.106399585129417,3.301102063024093,6.911423413689029,0
3.34102603285631,0.14880203596779734,1.6961405304805162,4.44125584526534,6.66443521142342,0
3.080009112926394,0.045188983756571745,5.748828374629135,2.2378751563488675,11.236136962332079,0
2.06673169146347,0.05322018506187871,3.605698328264817,0.5879243936843697,8.676946210624223,0
3.091917258161252,0.11476162875203016,2.552271394554341,1.9995212819314945,7.600140153763166,0
2.3111912496228815,0.20179367675908966,5.243831502773206,2.2235237625415367,9.040352843200543,0
2.833090255121995,0.04911178454615235,1.6244416948065146,1.4664563741769183,7.547649424638478,0
3.1692419217308454,0.13517200665694473,8.250749309329986,1.149434610496566,8.945907129426542,0
2.803945923433921,0.056805851970511696,5.216459710465284,3.2164473872770802,9.323473224193895,0
2.305213766618202,0.08656771233451288,6.644200774121511,2.2831308223195252,8.370793312935522,0
3.256633716556678,0.10717939682525801,4.878998269357869,1.4224657359807873,3.9598871709535493,0
2.9879374564449983,0.0,9.608470318564835,0.15808092106845706,9.302661903990408,0
2.7258656025374615,0.11215673275692446,10.607199511034782,2.4685312569051243,4.367466999732009,0
3.4474621884722207,0.007033161416997127,3.7790769008798866,1.887873556388655,4.9917029381040425,0
2.9483726199254763,0.13733056823010786,5.791266754467728,0.7226288664493821,9.445553547865545,0
13.393600739991122,1.928276900681085,113.75488131003252,133.8576958739649,216.87533806729527,1
2.81951691709046,0.1266679622352725,6.419436359803361,2.484734647968924,7.189977857098605,0
4.568874266829997,0.1530044869954333,11.477363463809876,2.2244200383822506,9.64933724938286,0
2.724731575254208,0.14781475010456732,0.6237248224079197,3.3233409224899377,6.822616601061452,0
2.1924340920472454,0.0411518943615016,0.0,1.8135635841784459,11.344083546084642,0
2.671552860514302,0.14713942570700378,9.096579387578798,0.13026833804500892,10.347684040733405,0
2.3367639358444583,0.04104458928185759,3.4698081497117528,2.841632255765075,5.453489096386281,0
2.461127611035347,0.16248094526483334,6.18161965449423,1.372951385302259,7.815668378357047,0
3.522080438534536,0.05548410759900641,4.4329571069525775,2.447696266395012,8.340830835186225,0
6.791186062828662,2.618843149321064,137.05707091303879,179.56518527388815,201.52246877604279,1
3.1824805012331128,0.08136622080240127,3.6998312999415406,2.123419133500961,6.79097227888041,0
2.711554065238426,0.09198199594775847,1.9302403298732465,1.698420192208895,6.533217258171764,0
2.405166670454819,0.14851581008941409,6.257152204260381,2.1016557615660294,9.013605189104949,0
2.3217090976882977,0.0707772354074781,9.45123173061112,2.41208346487146,6.097783906515071,0
3.2823029629468,0.065697512148241,2.700942172204952,1.7313221224750432,4.695795336614131,0
6.824211343097245,1.7234084720913974,156.90614733811708,101.42177342925508,359.18981244666685,1
2.6150019669012714,0.094651426507076,6.888081900286676,1.343965241759345,8.422249553689333,0
3.525327198003806,0.04800967344865579,7.061715351185866,0.8770853225524293,8.965697491496217,0
3.919091838397561,0.10096720354058772,5.499479381345374,0.8915029092032167,8.7527771237784,0
2.887111849756732,0.07684193189573005,6.197684578817981,3.6080672471727286,9.057269630669118,0
1.9235547035237586,0.13028031163156567,4.953310733389118,1.2488327803761212,8.798009518487705,0
3.7266922385588503,0.158585895735808,3.20756342592679,0.4658753065511485,8.963227691376188,0
3.380027981844801,0.051075022706669686,12.82057748944931,2.807739555984151,7.896604121249537,0
2.7644808471908386,0.051764728712464264,5.095278369744352,2.0310634263989313,6.159022424520844,0
3.7555774651236735,0.07307131633516879,1.83166529243874,1.8964121053529353,8.28953098223528,0
3.373646802561631,0.11083124877023096,7.876448919403018,2.5343472134537843,10.590297088390686,0
3.354501878794256,0.13844198379844486,3.9735540466182835,1.765492464854109,11.19729518718222,0
1.5393247582526963,0.10981204703333602,6.823842701017262,1.6290688963923317,11.032576901112028,0
22.184555415351134,3.5081048489060525,143.87105817628745,60.39196888358281,109.64695059719347,1
3.8372462166737686,0.11051515201109978,9.924285883166943,3.6037018554669302,7.4853669988214655,0
3.1312806645009625,0.09307438776963876,5.549038784934446,1.428071453801567,12.300621586662423,0
2.7371224891596193,0.15134931316598663,4.620443309138149,0.9946848740027645,7.2778256732262605,0
3.468785068813279,0.09292351813310763,8.09275801510072,1.9214092040311805,11.803826297325003,0
3.094853083805198,0.007671347609779139,5.323098347319855,1.6538957282199847,5.739766735262103,0
2.8214853995966953,0.15966555029635632,7.137445293301413,3.1003928922787294,5.85898373072916,0
2.64782815472862,0.054183954046329016,0.0,2.5870575345945355,5.983973553658644,0
3.3795775801513233,0.01635530493442129,8.536597811110816,1.139561531933167,9.877142134119879,0
2.466189785308703,0.13410347450313156,4.75323890098564,0.802042037659338,9.72137084273726,0
3.4630887737658207,0.15903204562260725,8.681821466243788,1.7322344812751551,9.021471099214548,0
3.253637015553649,0.12912856594044025,15.587165562711451,2.915823781597604,7.138456782639232,0
3.5516509410082606,0.092092307781384,6.382474596211596,1.9338340654535653,8.182543796335146,0
3.6521701214390765,0.09620642746574884,3.623369464925009,1.9499194011435335,9.34849661684953,0
3.441829968743336,0.07924498555183153,3.3346723162149505,2.120198558746055,11.055963147279023,0
2.943835975154585,0.1087643389466962,1.3767218223699431,2.536807469224904,8.516405469402274,0
3.2109603771176425,0.10011439680717521,4.446345673442164,0.9636708031618371,10.43233155356451,0
2.8984773069785037,0.17332704296393014,2.5463244735844834,2.7460239529828163,8.335383069719123,0
2.6971425384983307,0.10989583336710378,2.612033269973738,2.099988163765552,9.856777358272343,0
2.7923560430495993,0.16656695309942016,5.735115992946218,0.5907842019754865,7.217400220203245,0
3.448419657932766,0.05980257926362595,3.805150899372354,2.2149259647767057,7.465616868689423,0
2.8165877940926562,0.018433244479146335,0.0,1.9398455005948723,8.148813343852295,0
2.955439980243606,0.1794313464021798,7.705186091420822,2.0795795465565607,5.120589406763929,0
2.3264368552351518,0.054966430874376,9.165993560307445,1.5297442837336426,8.564899528111201,0
3.4067548180003193,0.049262025340707394,6.823521016205026,1.9137829019925472,5.380024976536465,0
2.9451950980370847,0.09379893063050015,1.9620666756707315,2.524584683047615,7.837858517983951,0
4.294781821009307,0.08853088340722665,1.8228886339637072,0.47253864388129596,9.219625039749506,0
3.623871036336867,0.12791682116058528,6.6913636250207436,1.0349544194238205,9.034420432317921,0
2.196220067815513,0.17991609038205167,4.135811604946165,2.2066776285391163,6.955931420316487,0
2.5847777967217174,0.1661372233442568,7.647191269369941,0.22857744855615603,8.134940050514446,0
2.4349653304798213,0.0,0.38687657440999246,0.1924103508185424,9.585810743674404,0
2.973797774711265,0.07015526076340144,7.650820357982507,0.8817680606439686,10.713456981424242,0
2.434898137663038,0.12174705191839494,9.573551543347708,4.546054535942792,9.702684244346274,0
2.78534888774137,0.04523647405785977,4.3166870626290965,2.3899455993834366,6.726538881783886,0
3.1513177326195168,0.055962295519863495,5.069241976851262,2.4728150699278326,10.106242905047605,0
3.162898158291083,0.13133068186315355,3.8465326368754464,2.2349281250881154,11.50675039744863,0
3.4982852552897237,0.033956082231134124,9.24561358010547,2.9845928948957967,7.4400677343869415,0
3.7463442844797608,0.07311771211100918,2.396073732415004,1.8973514265493685,9.284090183787121,0
0.1531186867560297,2.4497915525876977,158.6363936602413,83.5132486881778,267.56107894550803,1
2.995349839430693,0.09889825679978648,2.879879694880983,1.4119814809630329,7.907676112060056,0
3.2035261435622675,0.0,0.0,2.382033705716011,8.463037544092924,0
3.1900989255029817,0.04787111526647119,5.1735921422802695,0.8902498721117258,8.799559835233703,0
2.6435771086614177,0.15963675827082074,2.8400314003341824,1.4081239336569076,7.266732242662134,0
3.3177090151046134,0.10776624995997008,11.362980697535328,0.668086889608914,7.167369485311944,0
2.978261525093069,0.09544620698234864,2.3936973662812706,1.657982654195225,7.310466840252687,0
3.1055087336013094,0.028204523806573623,8.217625398718276,0.9530782498930939,7.465992476465937,0
2.5406567442569528,0.11052481494607519,9.14958354598803,0.42952495463202944,9.830344301437245,0
2.8457586057720903,0.09011897661020173,4.972522884396034,2.9137116523425908,8.42276130929193,0
3.1748250236498468,0.10898111363159618,5.622466393556545,2.0167008672675504,7.188825286504642,0
2.4245032112888487,0.10952119449625289,8.214547806743116,1.5634851367344564,5.744818097582474,0
3.493667258294551,0.11549473896903173,3.369738710670449,2.894458843105129,5.4101362293194795,0
3.4691419029879986,0.030572872308439455,2.1531415166939656,2.933810426074997,11.189523978087728,0
3.085684140594985,0.10784864804842172,8.655440644615059,2.2956655514819997,7.797184340556272,0
3.2612570526328786,0.09154386571785919,8.082438030058075,0.7701168847134594,8.86002704762271,0
3.586364509629682,0.12243178822572637,4.917847038788768,0.3180312160145893,5.829716913675334,0
2.0994711329236306,0.03640404994436386,3.98636667357858,1.1997067183926233,8.18476291799794,0
2.55625391109895,0.030275246557036922,10.755819001628623,3.9006490417220867,8.699299514294948,0
0.20209629923467295,4.836139089188098,153.69795957211517,166.7298888421094,251.93333788137778,1
2.2027861706028165,0.12457147263601,5.990341371412831,2.7152365838912327,9.514112003638834,0
3.8367260451492684,0.057423001011034064,9.057087637778451,2.380067440573832,6.648862942817567,0
2.933683126808713,0.14776346186036027,2.8196775864984707,1.8174151215875582,5.6466036284581875,0
3.7716217641360945,0.13819301758167113,3.7898607620939524,1.0534354814721851,9.250221092497895,0
3.2648463771783653,0.09463676170945291,4.64699809342144,2.5990841852948225,6.348461809063684,0
3.619141535716818,0.12403722898839921,8.711542400867028,1.6596595171170967,8.287179650958985,0
3.5400240328573243,0.16307596262677582,7.533367616214997,1.7144583746927762,10.775931167946736,0
2.338455103296251,0.06265383574649162,6.981379857054651,0.5917732316925499,10.613108135469002,0
3.0379022790968633,0.1794919489090342,3.670209605546291,1.4255132945837243,9.01277349446579,0
3.1598259129594886,0.07260473478965325,1.7968322688843643,2.808988609229009,9.72017013548564,0
2.16923996886552,0.19288511717688664,6.380126971581399,3.232328605214664,6.8854373807708935,0
2.5402878828830984,0.10206628161353093,2.5934017758944625,0.4768275358261522,7.234001571033085,0
2.934263702164166,0.09714794165735292,5.472903675322832,1.812834452136139,8.492695905896998,0
2.119618620422091,0.11443640015049182,1.8498356305304413,1.5091271051064343,8.302432442675094,0
3.154416506299482,0.07525172598159635,3.6259244509563304,2.455646910088595,9.644221694565626,0
3.6392259313036495,0.052872099710406184,3.601434164161331,1.9585088954226209,9.017526662098609,0
3.429793943489901,0.13725754321424088,7.271530463306068,1.9766060397560539,6.631907939241916,0
2.988565968850559,0.09211265083842574,6.925682368575915,1.9923259363154966,6.96913027063723,0
2.284612448940976,0.16453222304612736,7.4792099519915745,1.27160968675829,8.48215215760659,0
5.413853031405071,3.379759755661641,92.6525676315578,47.797226608221266,69.23507293607405,1
3.542947782915789,0.09015390960015553,1.8494403879149917,1.8453096688654453,10.989462014538608,0
2.628764707150976,0.0,7.447263459956208,3.99412374073444,7.674175613247529,0
3.325695625652899,0.17616193108561293,1.0862316685985824,2.53289172022704,10.461291608356023,0
2.454149561930343,0.07411212763888902,4.519776540175085,2.133565415535978,8.269879060326499,0
2.5387949077507486,0.04724461622597753,4.130055936690081,1.0798477685423142,7.937317694660555,0
2.0646040394870724,0.11121698283890413,5.6551669626325225,4.156349631729299,4.656055056414896,0
7.528296308450903,4.187092834484481,148.13655755805598,130.48679587623874,143.45359176159798,1
3.3227420905705376,0.12929521005823247,2.4211594583646376,3.061816645989732,9.297093495265996,0
3.2181618348370162,0.08408812361286899,6.198408117806555,3.477720295302075,10.123569533916642,0
3.286028720857072,0.14819534670379314,7.491494401957856,0.0,7.119348630647619,0
2.495134647645031,0.10790446126615923,3.017497292569563,2.500112829620867,7.021066009316018,0
3.218369275866755,0.16262703655146155,3.444086007546272,1.4467589981602007,6.603052483573707,0
2.9872229645042774,0.17310979693588185,4.188899909716491,1.777425072775147,7.253882664672169,0
1.9874287066711964,0.15037219865975993,3.1057923333003252,2.5363892188475763,12.60334970410155,0
3.403561298318655,0.03819321019847688,3.7552511656390184,1.396703151221845,10.235264883207915,0
3.2413439436046065,0.06941831316527206,1.8340275242226216,2.3362629511858954,10.669893456767287,0
3.6702305258951737,0.10031365780922091,0.0,2.571102628591368,9.414974414410723,0
3.2312956464269758,0.10394820228340423,8.406861756474427,1.019611748516525,8.550497375136729,0
2.939809418023201,0.12962651536588807,1.000555974568373,4.116012056830995,5.897341963953442,0
3.366246051389901,0.19956852092084523,4.703837316632981,0.0,5.136540606950517,0
3.1265826190189907,0.10536039810200669,4.8069870578625,1.9299535562720351,11.593506930852982,0
2.681306436346741,0.16480315308906981,5.096429440893683,2.686774070503355,6.435641092094732,0
2.7265705293798037,0.06359614510723394,3.109252114986691,2.281348347489577,7.889797100535358,0
3.5897200603606434,0.19862710883949042,2.2915732191116005,2.1699745397492696,6.608380778747669,0
3.0071365339182172,0.03010972607878515,7.742231492672101,0.6864722016460056,8.698585544708415,0
3.807687844734721,0.14113913904170014,2.484498150848143,0.5228355836876184,7.570958099328182,0
3.4875988148912147,0.10693225918550422,9.257106834101792,1.818266462384094,3.244860340145795,0
3.085432719063971,0.06889825972228093,3.502583145588903,1.2493731780232444,9.375527697123538,0
3.424215441102642,0.15624662726516206,4.711998014798425,2.012575769600314,4.241066072107667,0
3.0859196698967657,0.1689233677726904,5.204966389819453,2.522445210926694,8.905248059960241,0
2.2820689244102805,0.05635194547731498,7.22546688317038,3.278434957965715,8.339889422102965,0
3.9021740548933717,0.08346125519884737,0.0,2.906834146372926,5.20131390442825,0
2.5807071007763844,0.0671432518860971,5.833947320656767,1.9333989729780263,10.047404673180196,0
2.7733859753363626,0.1189702698802555,0.0,2.76379977236326,10.701987811455032,0
2.7240709270537766,0.11977104926940191,4.206932500389599,0.991893493239572,6.348425749490986,0
12.037451505173143,3.401526761298763,108.63965784275786,177.3316770849141,343.6294967540389,1
2.6612176738321724,0.13295271719567098,9.123454944282678,1.663455078790889,10.848566828547714,0
2.624104474952408,0.0,9.485090929207512,1.737424340684378,5.555274385991492,0
2.9017667082859515,0.018830873502937828,7.339485922265149,0.9171594711316566,6.369377770423785,0
3.3731267830136105,0.029659249525123096,3.9260286967599924,4.322609225262767,5.57451877025039,0
2.69570513838015,0.2052648714729156,4.5813738712162895,2.0375668587072524,7.745674407411737,0
3.68785340665581,0.18191798661354705,6.186796504288827,2.752891081493785,10.178759672309216,0
2.838660080578932,0.12704542592804952,0.0,3.1549975605416174,12.108191165847288,0
3.808606287484312,0.1486028482869861,2.8846684395021183,3.297297533925546,9.376873039749338,0
3.2965506289841917,0.1436098500036489,6.562068489268006,1.7692138478972779,6.63323792695974,0
3.161359280169045,0.12290840573943494,0.0,1.6049531478304324,6.887670861156001,0
5.8889061353578525,2.9275203719898166,146.97987277746154,68.39657087576896,349.66851404930594,1
2.9551321528563865,0.06958867462776204,5.585230776267807,3.5891473016364572,5.086284743503924,0
4.037630436312632,0.05075034370914924,7.618451249535003,0.6842025917818588,5.496155479053095,0
2.7258563517546994,0.04372064429840155,2.2527348765993183,0.20401726541597665,6.4624663428786135,0
3.1760276982571485,0.05828590949826876,8.513502898118439,2.2274050789916204,4.945758409328489,0
2.387850881855317,0.19246810706931905,4.903872887958539,1.0103490338356367,8.406552442114926,0
3.412708174494015,0.2043023524768557,1.2812359624249154,3.078125395794772,6.322838681036996,0
3.087605709454256,0.06270289367621994,4.299179117051404,3.3163448375195195,9.008187663887885,0
4.0282717824147705,0.09103744873215441,8.03113793984979,2.596081494132487,10.687093013244102,0
2.9584472136856528,0.11457818383409865,8.045662675442916,0.36893237480502106,6.5126001661896336,0
3.6907270393452434,0.06833843016425115,9.19825377996165,1.2863711067955328,9.149123435073431,0
3.7156833909155917,0.12619802560383675,7.717152801492096,0.9863941576455313,4.027418776259158,0
2.7563985394025363,0.09309588326692592,1.3882590531008594,0.8636248332961427,9.090516966052238,0
4.206307710806458,0.03097006470501744,8.420751658013614,2.4133720291303957,3.0,0
3.1041914039737764,0.015540848101636917,6.764230025503496,3.4336250198209464,7.515423803643223,0
3.319296229388687,0.17487158415898132,6.736785945713704,2.8092586281232985,8.000637222930136,0
2.11188238355084,0.009647930253409182,3.3071304418429426,1.3192244336748198,6.701847332866722,0
3.822483856750642,0.06414919254360318,0.0,0.0,8.70218258335347,0
3.76050311357969,0.1404797217985943,3.360777141608981,0.0,6.490791235213454,0
3.0339277552637016,0.15480349537386995,0.1812296347941258,2.9308873827918376,8.884604312270682,0
3.4147027905917446,0.036496945564398406,5.4762681528126285,2.405035385855713,9.518025941164378,0
2.2009378240581263,0.06822950598856314,6.8121549347648696,1.839549956734366,10.840542170534924,0
2.6263941604260883,0.18595203064209107,1.6142279807088964,2.6116015615496835,8.34080198812402,0
2.9833850046777695,0.16754261653495028,4.172145644911586,1.4508735190104227,7.7025408243652125,0
2.771939586262906,0.01263891665173722,7.037881459947048,3.603866067267866,7.300602509282499,0
2.7181377235980126,0.1898180411463482,4.864631329027845,2.0212226508342583,8.943739895753351,0
3.1598909670712683,0.0,7.973573338779999,1.9821378451122664,4.428517436107474,0
2.352659262139547,0.10946641536461871,3.8468378702212362,1.7236647049557827,12.79689857117614,0
2.214887640054772,0.12357711902091029,7.4661982340975825,3.5874006024155367,8.63765408715906,0
2.211803921507875,0.24073272222362765,4.7213764958208415,2.209686063574488,8.864240487967539,0
2.57473977289535,0.1581419288767493,1.5449566728969693,1.1543106885534775,5.785633460236479,0
2.720849123026985,0.0903147310097519,2.524124117507407,1.930148131816357,9.143061393801483,0
3.0242608139724134,0.1250120234718285,1.3303393098142102,1.5962965660020931,4.948770139909511,0
3.150773671166806,0.1125736804470256,1.9069241745580792,2.9109444038394754,9.438655203658877,0
28.135873842937258,4.656958330026047,176.38089696209994,195.83338471627948,286.1750812106195,1
2.9682377126923223,0.1770161989909943,4.37187316006426,1.0322476604529,8.330050524877423,0
2.4644731601754755,0.12087325449106476,4.74098642525982,0.6326735387150442,9.816445048183457,0
2.700303677277989,0.15952742971717981,0.6847664996163223,0.9325660670395006,12.748932566567984,0
3.245959585753253,0.05985877780245789,4.988587598987602,3.514280735720484,12.404486546745826,0
3.014090578684564,0.06849875102330528,8.064905641482824,2.0146940955443666,7.03008891024477,0
28.68493193007671,4.6616238684423905,139.10707096477057,139.76795762526604,460.0263130317595,1
3.3477688787828885,0.12377942179642913,5.1695319453966695,1.2032187673308248,10.667871279775897,0
3.4776526042852556,0.11328084965862668,2.6731801861928264,0.11747924853253622,7.679027559342875,0
0.21245878139176091,3.99463550720976,164.59593654230127,188.49982264321144,159.93063254172404,1
3.07587899612437,0.05024130200503813,2.6475084249205016,1.6752580649180262,11.80177757920737,0
2.2575510157750482,0.10136566899257193,1.9462655285685226,1.3265857604401274,8.724901737251221,0
3.244593565073832,0.02773973677938872,1.6601154976561068,2.6128253216693214,5.022155487858846,0
3.022785919951907,0.046457379065778064,4.447902802402992,2.068906133120972,6.278952264037522,0
2.3616257120898454,0.08796674127348936,3.1782157577417465,1.0438642970414609,7.315509739706417,0
3.241033363667693,0.0592621998588226,4.194893602587857,2.889856951785495,4.2769732786815995,0
3.1232523892160025,0.0,7.633478093717377,1.027664996183812,7.374845149210619,0
3.1580779785913893,0.025298110335512478,5.981511658633371,2.5069763458281416,9.19201734597224,0
2.2962441526410893,0.09676556974837408,7.808168503808049,2.62559130250656,4.829507978540285,0
2.595867139179537,0.05408939167451043,11.57125100356527,3.8341345643623908,7.442410040456894,0
2.8569978890599446,0.11192774768868696,5.425939741622016,1.4970903499619808,3.8036250734575967,0
3.2182799020788337,0.1272893356766178,2.7335033505981525,1.9188068158645302,4.859526691836311,0
3.3794642948933826,0.02285983908785502,3.5490240876872945,3.769913067655593,6.0639740708214385,0
2.040163421901172,0.08077715605114542,2.8295401327406,3.2075031949519204,4.096514781979101,0
3.3720959857499686,0.08875734721025741,6.6338737234980165,1.9237218482604173,9.84606687447146,0
3.271800077297216,0.14809935945359207,10.859321594817722,2.4780378151922835,7.6938325339806894,0
2.703767870423553,0.12376828053460051,4.828816125706532,2.2426028130549414,11.94504954609381,0
3.5742228545983776,0.09470906212511511,6.181925677593207,0.11029651637845461,6.361894713762388,0
2.275704292683228,0.07334547989920835,6.234072893454317,1.746913158985889,5.286909895426922,0
3.478351158397292,0.14865507805075362,4.882567919094974,2.233285041087872,6.088491284354712,0
3.2712800217929825,0.07644376740910608,2.4887295991548815,3.1480908663974327,7.184821310680609,0
2.158280903889525,0.0659309882465213,3.2538159977209626,0.6612762938644265,8.603583861305745,0
3.460900750988626,0.057182574085939804,0.0,1.1802849771326103,10.447159319518548,0
2.7841898436409758,0.11256583241190513,2.37255552606112,2.8048559381800797,8.038437704434541,0
2.5999807178011767,0.15930727370211495,2.9011975738929086,1.6924226104362563,6.11037101951656,0
2.0975589496677403,0.04130600177955138,5.849159486775961,1.1806131695012092,9.30673676759177,0
3.2931820093775466,0.10499434772046065,3.548199665146301,0.9490588338110395,6.17439102679761,0
4.044187352390364,0.16755364462065697,5.307936585618993,0.0,8.221672757384445,0
3.144584321953909,0.15454308353018492,5.276165411935976,2.268413273694562,11.628505655400549,0
2.9125201216522956,0.051293907689181586,3.629907154930261,3.8876251206260046,6.912179892973485,0
2.550607975838436,0.07000889883400754,5.0599864586192576,2.2144632674675515,11.041328345962372,0
3.329272136336415,0.10699436164195637,3.420334600589894,2.3796996774171126,8.989044984097545,0
3.42882981160101,0.12141583461876188,0.9387359758707241,0.9928050124730217,3.261951376837497,0
2.3707475446623327,0.18349613907023196,0.9138698874357276,3.110677684054092,10.722074721865614,0
2.8041757162891043,0.08971860731783762,5.864085104916468,0.952225053860901,6.2022523782453405,0
3.0443287954807188,0.13047630226043005,3.14490493986761,0.8848737373365123,6.09964907586041,0
2.8059115907293855,0.0,5.054141757404673,1.4722985880793944,6.438390096842014,0
2.3244628168959895,0.0886446996109537,3.1989840229805386,3.1850069835830155,8.02562860913299,0
2.585751487609877,0.08943078850910155,9.993925465898826,2.3424508791769014,12.786024589533573,0
3.724249614946463,0.13698377340589168,4.382480420235968,0.31862310828473595,9.566769448308479,0
2.9711906014832072,0.0054994914408528495,3.90454216040536,2.4338352400888765,7.8772679198001745,0
3.000602737681112,0.15242413255252962,5.305169625415309,1.5333810318243546,7.830066806223705,0
2.5575986429865494,0.11116354179601305,3.4835307336664667,3.764825883791736,7.687612199805608,0
2.4376789540810653,0.07984620054674846,4.705070457636872,1.0926734406277343,6.559692045956867,0
3.1708779878885798,0.059189137772901766,4.92680429829153,1.2042823364793884,7.342550374067418,0
0.04456354545299428,1.5777722383197843,83.05419781497383,58.144040561697956,183.71719341004624,1
2.771349172456605,0.08730241468013825,0.0907909423805453,0.8382486998235887,6.6792372589289215,0
6.062391909043086,4.501661249188976,94.6793759436963,148.01816316106334,226.28079332830447,1
4.095227812904989,0.13698265758623357,2.665715642501857,2.0644075224319423,6.784380039940684,0
2.576842011267132,0.13115436739445477,4.846292493403426,0.5891977149090408,8.730792416472386,0
2.663254687878066,0.19283237182809776,3.225815810485858,2.896499670200166,8.887785678085773,0
2.882796099841839,0.1884084646529892,11.628816728127132,2.8255570748695655,6.2544778584229235,0
2.6966498526173517,0.12047192653211262,3.6912109034599134,0.36319813568920845,8.324171385293551,0
2.339988744389647,0.13913149131582592,6.80742030884709,2.216554738378206,6.7324227084444,0
3.437258537066261,0.03837298443898599,2.795986718969422,1.9201508465122041,10.112060743131428,0
2.8504963247670663,0.12765200429261792,2.3137161172248746,0.8453656612711558,8.879685772945656,0
3.1119570670323307,0.0,10.326472547720144,3.2914688890653636,9.57194819773092,0
2.2372374145376304,0.126881495147494,0.0,0.0,9.641214951817343,0
3.7865098626074283,0.038344934749257244,6.621768625436722,3.474497367570515,7.705689389566279,0
3.1860527363034317,0.19501342121554824,5.521841625238434,1.8694245427048286,7.871204918750585,0
3.1352284128899193,0.1610410649406524,9.653735799283188,0.0,6.439190788142745,0
4.1353464289021975,0.03885524902222181,0.3696471704427591,2.269306189562338,11.225560465394079,0
3.628574608431286,0.05493121600514128,7.053458400658989,1.9467875637270167,6.349574248908567,0
2.9904918960486557,0.07030942959656475,0.0,0.0,9.848714736052012,0
3.2649020889576414,0.14397085205687016,0.0,2.7831556560131747,7.352634491917625,0
3.1197022502676885,0.08612431905698834,5.070155643975523,2.8290984400183357,9.975668842615987,0
4.159664769990847,0.07007812097094766,1.8358866351022405,2.1183500656551773,7.38151218473454,0
3.514577818662822,0.13965878441093388,6.844833917094134,3.357619633050139,7.190969830716609,0
2.275957829251338,0.08578076751967453,3.703114462678009,2.330867028406351,8.415706476275291,0
2.9755514082629473,0.04425889063237929,5.795491768239762,2.722996934624323,9.650448838363252,0
3.399970950971025,0.11454736821697428,5.353122255382874,1.015586953824788,10.042916208030753,0
2.8713117312883276,0.14311117559434886,0.907682018544925,2.8234231845623112,9.020197462414545,0
2.6004039966748733,0.16558467246363306,2.45268544702933,0.8140784008131441,10.695356171025248,0
3.8634819256167026,0.057742302078692055,3.323612543345128,0.6623258139123158,10.880220240138348,0
5.15291620645667,2.330180228968774,82.71613014536534,183.60030840517473,361.3560413376294,1
2.3103403859927365,0.045131584051446676,0.9502230864161811,1.6800927219970863,8.463345368390122,0
3.233214991216763,0.06253211552886112,2.7955673073974276,0.8869358988128224,8.209084491098432,0
3.3710476860046534,0.06962638561898464,4.253079034157974,1.6648568612218075,4.841309675859479,0
3.058663691654391,0.15306854824365668,7.935373416999651,2.93736741425368,6.63818234172861,0
4.300841557090197,0.11482884692651527,8.064874293199845,3.186415590517609,8.162249166837006,0
5.483329715557499,2.9251749739004875,129.9983531604835,31.825626905657025,259.97613026095655,1
3.1203765897442843,0.15748360094393737,1.8099365005090444,2.915653804258344,5.750956640772209,0
3.0204595876978604,0.09800528081241441,0.0,2.0328633739802133,7.5280398022661075,0
2.8185807197801704,0.10912505152996067,6.671412855210446,1.5407796020107594,9.284556513342064,0
3.570074519260633,0.10080126411475802,4.933909782449178,4.359614259100104,11.270095341238918,0
3.148492336616593,0.0551678886342396,5.772802572194388,2.4168730625900405,5.817906565611851,0
2.242127942501384,0.06053307471401628,10.539187761797745,2.4726397629900116,6.9932865239010535,0
2.4440164871129184,0.0021330705433005026,6.2174722600214425,2.328682349496483,8.365175608428672,0
3.3015937155411716,0.1040541271450412,6.244353386237723,0.6604820764349628,3.5481291640838446,0
28.820202361730065,3.0970355909472964,82.62944406683867,87.95057315976138,414.24981974538554,1
3.012109728336379,0.14069904300988706,0.0,2.273614581165705,7.413137195373375,0
1.5,0.21385432490266523,0.0,2.1243761223009296,4.343670144145721,0
3.4765683169566226,0.12939279440688675,6.925841388331103,1.4389491479777319,8.046770250312361,0
3.5621766799352512,0.061439985022535476,0.0,1.9181258228091609,6.474837141005905,0
2.8745834917724764,0.14380845835956166,8.539965589069359,2.1936617645167993,8.918950117938017,0
0.1515191352539988,3.892853826088274,99.10451606552954,98.59287079768585,360.2658171778688,1
2.9687034360502387,0.0516876840123373,6.810937216882216,2.356412583534376,9.018090289594287,0
3.9483964913269736,0.1079026744960066,4.538007004406505,1.0010636237544088,7.828272198404476,0
3.9520682947865033,0.004766265326726818,3.3621142186552166,1.9776914610875689,8.530514047160805,0
3.836286193418852,0.05819689239499877,4.750732016770451,2.68589045643792,11.710237146070693,0
2.5230302903016777,0.16012882526126138,2.038861463191054,2.0395697241336483,7.457769703276181,0
3.655154373059804,0.06959969285313383,13.472661279185608,3.419064413357521,8.258893285094889,0
3.166157005989796,0.07249423585317306,6.093684432066371,0.7756127266420456,11.024135898282907,0
3.2975785127184567,0.05479658551319999,4.976933012835891,1.5938896429765967,9.646713658954345,0
3.357690657720622,0.10747989787593941,4.453518248426228,1.2987504555959237,8.574440690350558,0
3.017631775985864,0.19486443473865558,1.1916042019615611,1.95939376832147,12.368461203509803,0
2.9046587996183266,0.15730150720710326,2.062099309152094,1.3035389102133115,10.541691242151096,0
2.540674026757901,0.07358514766685105,2.747811178983204,1.18531434676233,6.657577849732222,0
3.1429326953624526,0.11597623353914778,8.284395506681975,2.321584540372756,8.654150436106615,0
2.7670972154409186,0.16954861790007003,6.85724950816403,1.0737608874114493,8.06189617653566,0
2.4711445355220496,0.050885298287266026,2.3277534093432095,0.8202232506254914,7.842494227510719,0
3.9244780474726726,0.12040264234183778,5.771760263334505,3.123427287095762,10.718770446461487,0
2.6008513777307734,0.10788807196468848,6.999883650370672,0.7721714339430079,8.227515366960555,0
1.6483838535003814,0.15519667733509537,5.065666463494504,2.3254851123246176,7.594152086931545,0
2.870601968666449,0.015574740596575001,8.99129703313645,0.4894539496305037,10.352451413517059,0
3.515141727015921,0.14297924361717781,5.41423522525264,1.0315163530381044,10.416549481304278,0
2.9722261505516907,0.11463577410709268,6.583518049746761,1.895990772275305,9.345940412063834,0
4.08162736165273,0.0631614932026189,2.328293568226957,3.4140291355619876,8.084526129929959,0
2.5092456744760243,0.05418629497181376,3.790136624267184,1.348557450136319,8.387597427534184,0
2.659007876001101,0.13755497272536552,8.220865831722715,0.501364502850788,3.390285654807423,0
3.1342961394316284,0.0025219141122816424,2.265148093538292,2.2174058527270035,5.887383739048493,0
2.6391312233313733,0.040611738004123654,5.701595303027741,1.840850528462272,7.8914907942717045,0
2.402058468982408,0.10537221871704464,3.735929576688674,3.223793622513165,9.27947501339779,0
3.227370456070567,0.09600457736687253,5.562378146266733,0.9612655658373299,11.970453071342714,0
3.7770802103573873,0.06859281304154108,9.434363678298453,0.7744652777850978,5.566428717837164,0
4.071972044662663,0.03597722144987667,4.3346557888515935,3.1770006367903374,7.68699233958158,0
28.168915171982285,3.8895241220735604,160.2526534863316,57.699194624737835,123.89930935680684,1
4.012154811643426,0.12780110484211454,4.78748945625173,1.7194282934014475,7.354955761785886,0
3.4960211747682615,0.03171912979049253,3.455183880700183,1.0226358825162893,8.137361419301076,0
1.9633048837959253,0.14361576900142253,3.0029196053193594,2.3884246136775062,8.263103280354992,0
3.0743337286010557,0.12365191410801077,5.725406214667245,2.200033787312328,10.006626625629803,0
2.7799777566515083,0.11157229612627861,7.901534367316849,3.7872399646046686,6.229347135563879,0
2.260739004816286,0.13573048953183092,5.328714740233575,1.6984737042306528,11.34252492060727,0
2.6461652671906095,0.06438896181754745,0.9643709875741919,0.9041291892012826,10.352688112342909,0
2.84601923518048,0.08349549041492814,7.1441951825531,2.755184973803943,9.618621807862601,0
4.322171673508517,0.07701176920847619,4.430919519642777,2.2478462819018246,8.415676766728142,0
2.7993897640570817,0.19766295687632843,10.362039243289477,0.4991979847378252,4.626246097253894,0
3.781706679416054,0.19493674906776196,2.37740218995755,1.9013916009953227,7.976779771089913,0
3.1460963641631867,0.059129593279283015,6.699622961244968,2.299199766088896,7.7877359847753675,0
2.889373188207114,0.10512423210791039,5.607150111796086,3.1064617708120714,7.177653208893368,0
3.1620419846973977,0.0314163151384767,9.131542809513684,2.4223247974498747,10.150781108832827,0
3.048991576735448,0.029996463840849544,4.146123487238963,2.659849612104565,8.489569239207,0
3.113729967302065,0.1423385387608247,3.5472249442075094,1.99837828303662,5.687745265697936,0
3.3416644964055346,0.08366633762454781,1.3734234061378343,1.7572714106889713,4.32885904625825,0
3.0092091895947757,0.0851258899563075,4.60099050820981,1.6240164206481338,5.859683072986279,0
2.815236535583321,0.06935083643646553,5.451423496321703,0.7916964843406673,12.264292920287403,0
1.8765553330076974,0.012861401305947956,4.4058207103432805,2.8673944929979758,4.406016705441198,0
3.1959020027012732,0.0837965912395515,4.306821389477304,0.008859851045333489,6.505794492665867,0
1.8940690443352466,0.15202154463224196,5.161692041099619,1.533772608282888,8.622779875392855,0
2.232942914632189,0.19957766511023672,0.0,2.558695282921819,8.482086555724223,0
2.716851135198614,0.16591511624263347,9.494292900463353,1.1855971790068094,9.571985625406263,0
3.873681598957779,0.1429069535467008,8.15232287141634,1.5090510502681336,8.550186953887508,0
3.107698252728144,0.023985660387969523,1.772318513827221,1.7213436661206907,4.757094750895558,0
2.4095935923455776,0.08631353739166198,7.637042463671023,0.9817460985822715,8.29398456857711,0
6.968043738774519,3.6443143650319967,117.18493027039588,158.37866069020572,320.2509452272832,1
3.6194731764697186,0.07798703978067999,5.179715770389315,0.5831764720508101,6.4549827872156795,0
3.0546973973024465,0.05070980956660867,8.268609749229922,3.0153923286752233,11.351837575218752,0
2.9558589758243725,0.06945711800974672,5.735342853117854,1.1061835694183872,8.760673300631765,0
3.535771576117443,0.13535161798053924,1.4967277523002367,2.1796953811062068,7.897210145614952,0
3.27811500470033,0.0969462164323812,5.292302330891909,2.1779083914116546,8.836430156532394,0
3.244687280613959,0.16146073921485254,4.846643920953867,1.2243936385623968,4.845540727735756,0
2.40318158412176,0.12655130474471052,6.080678111232286,1.7952927664777123,10.968868076880458,0
3.228843293026776,0.024976172541849917,3.839211660200158,2.08036232596303,8.706787594917914,0
3.3887036763822556,0.1012692638986136,1.3677721201125062,0.0,7.992174981409843,0
2.7091595430256783,0.07050538411221961,2.438530737486869,1.5214457332822817,5.666354460931867,0
3.2068995487257492,0.15892563448992114,14.353043387624142,2.430362641506498,7.6727326582850175,0
2.7144105051086016,0.1821689077902267,4.984680103918325,2.49576557301551,11.085776211078237,0
2.9426317792665504,0.24342015278333842,2.1822753779539794,1.934589766404606,8.205628486310138,0
3.6405081808675566,0.06335155504381206,6.475980460509488,1.2859582562225451,10.812464718525106,0
2.380370802573264,0.11990736325612686,7.933542693962995,3.3079641925493437,7.733368386963788,0
2.717960684631636,0.06137156256218797,1.0966722008259642,0.0888406747395123,10.645235682521545,0
2.655924827411138,0.12632683418361537,8.503225776583337,0.9028561302295364,5.469575928003607,0
2.1967114496306603,0.09699812291557178,6.53180207123094,2.0182309971371173,5.729135381938862,0
2.687161356251894,0.06380176347661062,6.670624167104437,3.0832617762943038,8.631438844593049,0
3.589648592031913,0.035368732642386866,6.474336532683206,2.107760055452543,10.568160553084574,0
3.306386952531285,0.08528787471817711,0.0,2.5629106602850853,4.296826331418827,0
2.8762406822242474,0.03857780843671187,5.9721093281196,2.165859026798673,10.537615312633914,0
2.3397716934578616,0.06439130679119782,3.884662965429535,1.5200318538512736,9.629368874588138,0
2.6998915614206025,0.10671482486238965,4.449415483528541,2.3976375017762788,8.536333899643948,0
2.732099268473851,0.16816144875661254,6.7059338480383115,1.5467404740529576,6.773492370699857,0
2.360211516632149,0.12606399525069073,3.8207293978956156,0.8347980000347115,11.008425801370459,0
2.2744121549742204,0.07666205940242798,0.0,1.1405402765519832,5.911625642271954,0
5.110184566717747,3.891993066463013,169.51471589717278,187.44258259144974,78.64849995845341,1
2.7673447716099733,0.17672410508972575,4.476056162955116,0.8340258143195389,6.493622174423067,0
3.17625248417844,0.14255620491901191,3.910063974834365,2.077885726980675,8.035945158736617,0
4.115650073096316,0.16626380452185188,6.694367317722945,2.3435975351782163,10.833668164277606,0
5.540149699900356,4.1309708606276025,170.41079054576358,153.14166011574713,421.01377081002596,1
3.664466659767705,0.13063953707916448,1.4586185443037536,0.5439535066535666,5.109200326438484,0
3.59473524446232,0.09720397757388935,3.0424151203500642,0.8066242314566847,7.172937482381339,0
3.116892955895374,0.12464932292572296,0.0,2.7990680731422994,10.587506311731921,0
3.2556012997624904,0.07326216645778386,5.162154988538003,1.4192589094435497,7.925983811853532,0
3.781444384254099,0.04484078093834533,3.5399710313552095,2.433184067271543,9.008309101900556,0
2.636431412087566,0.008442756083082495,7.616459317052165,2.3999965529436063,5.829652643328511,0
2.9360412042596167,0.08489097065086894,7.079652804976113,2.583837081539059,7.526295901755644,0
3.029815184960087,0.10090084360222233,7.144236949666835,1.4026189389548571,4.777994464229665,0
3.738947022370758,0.001646514820642389,8.663884837055445,1.8583373681277569,6.38556864503112,0
2.550792664325821,0.021150175890450137,0.0,1.8803410975268497,10.457144164123996,0
3.1095751638319693,0.11092670212054728,9.01797976844,2.96793194876499,6.586513636715294,0
2.498906272109264,0.02978802168692056,1.1930522682365048,1.6172215982904414,7.020111958052075,0
3.0274670554999243,0.1476230985268085,6.938389028072515,3.3698682233619106,5.472256878532567,0
2.9664108549753223,0.18522960466486887,2.3428586006009304,0.18727203492685707,7.812308767553267,0
2.7476125393858912,0.18326759588117655,3.547948629133746,2.9148677980978497,11.092797374379659,0
3.0160020745328833,0.1072918235107692,6.317450401101253,3.811555773193913,9.8552910636066,0
2.6540459650593777,0.12140931239052881,7.694351972367042,1.385961838450589,6.051665143655556,0
3.438023396264897,0.18367209428114928,6.880631190587065,1.6240717545286436,10.208350313087351,0
1.9803839111199497,0.16731128781013743,0.0,1.1699295048707632,11.076032563723267,0
3.2569539248294577,0.10631570997416001,6.334687685029653,2.521215791188725,6.076475158453596,0
6.787598160585789,3.074222795479961,125.70252804809394,62.81658601994218,365.177110835884,1
3.0733965059927746,0.004296996470626632,4.465930129808485,2.2263042077451343,8.110906670315398,0
3.17922680910481,0.09566494319258957,2.5390146166025978,0.6852511396895771,4.2103312648355775,0
3.0308399249239857,0.1392001389655374,9.092978732512599,0.0,10.699092627667486,0
3.6843157787661744,0.15319704937804282,6.529067693673968,2.023104346000731,6.784958180158579,0
2.4372554763508116,0.11979098905479615,11.589938164936862,0.12675988818084805,11.114373264753516,0
3.0982773882557875,0.10488351883741677,0.0,3.120685706422595,9.453741047489872,0
2.9923450754135024,0.11537017848598442,2.72098094674234,2.087357425260264,7.650577924140051,0
3.8213364766279816,0.11008264525646273,0.0,0.12513434449828909,12.555377852061863,0
4.0442213864349625,0.16640284444934839,4.064972342704298,1.052469259027888,7.033032183192368,0
2.7801344708629125,0.12100957714474958,0.6988099255693143,1.2980427017048781,7.393814560616548,0
2.5112223776007245,0.12121969689305064,5.43297941517811,3.1905296437176767,12.213880364526371,0
2.64042334037879,0.056278217583004095,2.3108973565244577,2.2020745061613125,6.421506810227606,0
2.9065519209190076,0.01666182966054011,5.998281435911031,1.1750393134087591,9.508171610076996,0
2.888267008814074,0.04055182902325191,9.628209101839328,0.42967418574698346,8.54388118188108,0
3.0092169665326964,0.12484367952537986,2.577225979705112,2.002183590837036,9.629461443243363,0
2.7573182260854483,0.06323482696590238,4.2033184624443765,1.099839772126337,8.10404130087924,0
2.7323324564918883,0.12528677162363996,2.3610689733462777,2.253683554298097,7.283211033943953,0
3.1753150496367795,0.05035669994572273,7.675589066482246,1.4417697376022156,6.62889085703299,0
2.9064278674977255,0.030363226391650178,0.0,3.963552833543816,8.044135401873728,0
2.930205185922413,0.1443095594292398,4.106611531328119,1.3264603521027571,5.147072177152509,0
2.755575289106863,0.09734465991515448,0.544441511900204,3.130526619537311,11.562799433201715,0
3.0987998023462,0.029721847307185675,5.096555261110519,2.8514099367626544,6.004484434681291,0
0.06056881683986695,2.120248678941829,99.96480191813342,181.42885439152855,100.48935401175385,1
2.9867971215205364,0.13162271083211505,5.424787360219648,2.8656746511673696,10.764866681810865,0
2.777853369961944,0.11680724815131145,0.0,2.569758919704179,9.567320948453416,0
3.3110349951530242,0.0947516146218188,4.6885625467911,2.4288111804330055,10.194150612825256,0
3.424551055371572,0.012655215432722258,4.625235214029304,1.541601636787206,6.572575072268796,0
3.3784943083226757,0.058803225651400025,1.1315582383709373,0.0,10.50431807393222,0
3.8637715850503556,0.06606784693529484,8.412143292886743,2.765437494375016,8.26752114810846,0
2.4979727015789948,0.19094492661001625,6.905300034793775,1.5564784001628849,8.08235903389787,0
3.3241402169219296,0.1257031276212388,10.190965444571507,0.8263696074532021,8.80307727143841,0
6.025596115810082,3.1213545091933277,151.29057903648376,105.59347004258177,328.6181982084473,1
2.0438725122901116,0.1487856688834625,3.8269259994032705,2.2626419878716906,8.876047210656195,0
3.6872190465854087,0.030535063489450495,11.298222561507528,1.8486025080585908,8.506367391398598,0
2.60373963078365,0.10062496609536252,4.350430407391479,2.7819425354519183,5.826727622229436,0
2.845441767898749,0.11819853154263692,7.309906194005668,3.189642645485236,8.043330823407127,0
2.7379558010327036,0.0914807117305902,0.6742689316645727,1.7753200983701298,10.587635381629452,0
2.7275404565955252,0.11405046251409032,9.302929008056228,0.7152722335825328,7.751086740571155,0
3.171362673188852,0.09535278966932059,5.283582702765405,2.3918812622455845,6.762022394304635,0
2.9164391431067944,0.07234550915429339,3.6470179489120715,2.2510035431501465,5.466922342110056,0
2.9120570937838317,0.08736183724519074,0.0,3.5789450927179756,4.430112061616285,0
3.3625478934239985,0.08894787682314748,5.66189241292149,3.6652522339446953,8.220670866318752,0
3.4078686062696484,0.0,0.7313692765653368,3.0277187487795336,10.081284885599336,0
27.296440694442367,1.9407984572338295,175.14055157101583,69.978940651184,193.96113581313566,1
2.7671351232148718,0.1662898323771095,6.339609520822135,0.7016740603310974,9.57508664865373,0
2.4639304940071964,0.06932061973186028,2.460506591393278,1.7206497529430784,6.1588335483270455,0
2.3170221443997328,0.15811297987528336,7.311390787061679,3.3697811019623787,9.225768143526368,0
3.1556543367214425,0.114922590699072,8.439461476199115,2.3683520038409713,6.936448598076725,0
4.109390116724067,0.038616001777197144,9.260554816345845,3.8752253884833885,8.62941988478152,0
2.389578175014489,0.1223436250401349,5.208011485146044,2.3953072526493306,6.573378199439577,0
0.0013121037302938564,2.679440928544377,89.12423941137209,103.93910306177953,267.0626374091328,1
3.316888440466049,0.09972198531759648,4.387610693381852,0.0,9.796489145712458,0
2.846095764430558,0.07000893030414693,8.81569863627183,0.8709355781676982,7.740418341590613,0
2.693781312679781,0.004434155416874794,5.6531546032615,3.645354952270745,5.584450355151207,0
3.8210075800681844,0.14950831194796446,3.8435202772629253,2.0770786113814936,4.603098863199499,0
3.048497982496359,0.10980657295119538,8.70021822905801,1.5510916126869936,9.2455382504551,0
3.547095759235474,0.06836224850574804,6.320179787069435,4.040133885996919,5.132872154069119,0
3.236001135459637,0.08982694294598476,9.768569108311587,1.618228803325957,6.719539009063972,0
3.0799281959987,0.15831852728346263,9.778892288082144,1.6187627127271265,11.564048225402946,0
2.753438588800114,0.08106200816984534,4.660524516631748,2.226542750930996,6.5799498263697975,0
3.253917878144812,0.0,4.256359642764011,2.0093953545758496,8.659267065615584,0
3.2460094239963997,0.014904888499083224,12.7507209804997,1.5198377168069555,8.984874678308334,0
2.47654450865903,0.12436526185224975,3.1095715095729597,1.9366967772186632,5.896904883319678,0
3.58041339368926,0.1148622136690062,4.382699018968484,2.4337496859609624,9.0621702619519,0
2.931314105800302,0.15234558972440698,5.451807478533901,1.377386100040681,6.556607091969115,0
2.4688481431369476,0.013439934827753727,10.605809657489008,2.2440984435023865,5.914143476382525,0
2.863003459085348,0.14102767514439485,7.830793328818837,0.3962705249701046,8.953227014039628,0
3.0337592407050544,0.07339157184364054,4.312756907234871,1.750106264187954,7.659654937198432,0
3.3694052404437516,0.10131023763870178,5.495720150194775,2.0261851491857983,7.0932930997988235,0
2.816746489815974,0.16810662018425399,1.264846329488015,2.1230186735267558,6.316985082176938,0
2.3277747444828614,0.0898737886467585,6.326950604493456,0.9811948024092865,9.878405703324095,0
2.6183704217287413,0.0709108983303973,8.359063335660144,1.077648670938082,6.4557020725761145,0
2.8326123339467295,0.06603846734035225,10.55612013444101,2.310539637914204,3.5433151201004396,0
2.945619925771571,0.01030537510660548,3.462233609064474,1.9708273007734394,9.041588611385505,0
24.70873771124703,4.343290810058233,130.98776547604066,195.21399922773406,136.75569611859763,1
2.398399572305428,0.12286621405433829,8.550647307744814,0.16399471664316878,7.915102941976488,0
3.631292051713591,0.10006628443672037,7.425713020670351,1.2262194211093422,6.806025937908936,0
3.8419638457289342,0.11023794412008922,7.299165429717198,2.123529201841093,6.207333334056008,0
2.4980213139592506,0.13665271407329993,5.505954102830587,1.196639567234306,5.765716477590774,0
3.8694498318987893,0.17868671082775534,4.734880137420812,2.7356551436413685,5.232281962008308,0
3.9366488881087727,0.11781263943530418,13.165736443719478,3.198225393201287,6.817301240403444,0
3.0350260815565906,0.10008095156784706,3.1062765912778985,1.1736347147341313,6.536281580283872,0
25.071260196000274,2.5378260213690114,111.29891824938761,43.41355633937897,453.3640529364935,1
1.9980688177966233,0.20210889552673655,2.779303242353875,1.2525707467507954,8.901540834372533,0
1.9390725504957027,0.07172118160630049,2.981284003971795,2.9496414986165336,11.117256034140173,0
3.699677718293001,0.056825319751753305,7.355555246931129,1.3215052695127782,8.023472739443871,0
3.407075881059133,0.13420816043044773,5.197212980141862,2.7039646767942336,9.921480023648071,0
2.793267419438362,0.13043677945622084,7.428972590444724,2.584953493086444,8.535392508717324,0
2.7178762006713058,0.07053338842863191,3.1921270861563276,0.9121069878907417,7.552121151373452,0
2.9048306609581958,0.09759557463346137,8.545670127676681,2.7271679888921003,9.491713036197154,0
3.018968917723801,0.1124708843842521,9.204501039656474,2.1133344639053018,8.06356780974128,0
5.324448794039788,4.836467367725555,115.03175258723286,180.551846124472,164.84095580701907,1
3.4991554490739802,0.14307182628164025,2.89613128762535,1.4702322940769594,10.81886884810182,0
3.732088619376219,0.06659284758361167,5.049122725793881,1.4626374106866002,7.575082549931461,0
2.6686881205270767,0.0517167598238396,3.894141902642901,2.953760255811354,6.100008592960609,0
2.8829315215254097,0.033225921545005435,7.511463458994154,0.8442924250830848,8.360992112156163,0
3.135747655412824,0.13222977162075883,5.885422938012249,1.3577675215560108,6.308073934741497,0
3.141643935773071,0.027819786891511752,4.298306598639218,3.2114275036324305,6.661806479724573,0
2.615428825106351,0.1004391827449074,4.659312305628646,1.8663722702732288,5.513275478640219,0
3.5195558937101343,0.09424451530383805,5.125687763462829,1.4027210641537522,7.800898633630063,0
3.2986141091266923,0.10036813407117837,7.389291099926331,3.5480082208186925,7.420157693949969,0
3.7667168506481628,0.0022475614840858638,1.021213514152529,0.9585470482251814,8.939192966588802,0
1.8972169714504654,0.08107101283934229,10.256875727366095,2.225788034085521,6.133057683149917,0
3.943092950605265,0.03534292281206762,12.0134832361649,2.758981695460113,7.719367543905681,0
4.379830019455539,0.21971809502912254,10.95614118578088,1.0150538748829676,6.177659879950311,0
3.194289302265482,0.1254304186616721,0.0,1.0014296135175604,11.41509777864352,0
1.959035296058139,0.12120334307592256,9.386763812104187,0.6550722129348276,14.568236402575767,0
3.378394339993491,0.03659315975123438,11.111631919155073,1.6955419788517705,10.40642556458457,0
2.8375843082456886,0.10420841150928481,3.7908023958898336,3.2120907193227364,10.304501303745496,0
2.3094776984231125,0.07499010914520021,3.2164889121529785,1.8383562055213891,7.67097093640766,0
3.3257609956697527,0.13297657347945693,3.622904980463299,2.663273381264478,12.416092095087096,0
2.5181205368946946,0.07067924255556134,5.305365001121983,2.478847573217735,7.7889501224580915,0
3.536253668654901,0.0456972708940957,4.968604612841812,2.397527756573154,8.518839982526318,0
3.0496661527146127,0.16397593348800793,0.0,1.7993147816246702,9.77689386071711,0
2.8389692418971624,0.04894187712198499,3.2864480777474405,3.0503195522763553,8.14854738038029,0
3.4894290253908977,0.12283440053651996,11.632069178047292,2.925904176727718,6.80645504726477,0
2.425868355623691,0.1559274972127663,4.877247394414793,3.5301856237965605,10.276562889779159,0
2.6231319178212553,0.07920165360263207,6.315238098489935,2.3422255794243454,8.160639145250423,0
0.05001997434160298,2.221576956209225,83.90546184125562,182.17477526017652,440.5600092826676,1
2.5694560449132147,0.09512373081271883,5.63362819767337,0.1750222530388832,12.489364510860511,0
2.8773059419985647,0.09516881649925552,4.514135549176018,2.2726335143194145,7.848202429840678,0
2.8459828579071296,0.037772874995763865,13.595636069257887,2.6887127445547696,10.918321988377382,0
2.940965736504461,0.08583909805273837,5.426133436491636,2.2452358478942362,9.159155694227694,0
3.2064657271378123,0.12513922134475972,5.4170860608593765,2.032773637555781,8.978468027100071,0
3.0485387746740202,0.00910103873064226,7.236082172233628,2.697238046390313,9.176275902685319,0
3.602997258273408,0.10682986977943762,5.712927968899877,3.274063583516149,11.73606584991822,0
3.1838246464957107,0.11972899927421098,8.323163287947345,2.585521532856868,6.7608000397926205,0
3.574636663142838,0.11128807615558772,0.0,2.1485479035926387,8.366908452944465,0
3.2024908554804776,0.007104927430085645,8.019819623097884,0.32441955037590553,7.467574099187017,0
3.726767038578658,0.07492989265571817,1.3695171697575264,1.4665475542240995,6.256819057863144,0
3.2159612723369704,0.21960548176369965,6.741703061106844,2.8049425736373474,5.3411897933498365,0
3.312754008415518,0.12252478618890174,6.932931500324601,2.3710537382153634,7.574620531389763,0
0.05648410466919661,1.9534380821617345,117.99051886182262,146.009047532404,333.1400708523474,1
2.5127353476646794,0.09806285525052286,2.367147929411285,1.4454067595674482,9.258170818028,0
3.2310304466259483,0.12079133147276716,7.833155668506169,1.2705629511523506,3.969556189135247,0
3.0360184306418723,0.050084661235447255,4.536050880317499,1.5938485834261964,8.424599235320953,0
3.233846585882717,0.16149951842193416,12.25633333794039,1.601672987118372,6.430866014794955,0
2.2388204068910547,0.10309416764435676,1.0290512874734632,1.1385565705357137,6.421295268194846,0
2.260544215612936,0.12957210758759274,1.4243758874262502,1.6387698070856271,4.985002166796499,0
2.887683425001488,0.06419782818620798,11.36489392199061,0.91681155333395,10.358848936280856,0
3.4843224952664444,0.13798561477420843,5.280570489315829,1.652475057481142,5.378708431391255,0
2.6218246273578485,0.04947008900355433,7.109420591708147,0.5078979828546362,5.875519365313432,0
2.763080326464542,0.1113747937866027,6.753572155512304,3.315821840016223,6.835465874982446,0
3.346739455956997,5.555465693750372e-05,6.7516490668520035,3.384504962651034,10.114086838330731,0
3.498429386732904,0.10966897259620796,2.0391717904953293,2.468523602818836,8.500860566002089,0
1.7230394325490226,0.09763146487277821,2.5335031799317793,2.8878039355788485,7.97014925511408,0
3.3540543383442953,0.1579690521650261,10.900750887524762,3.0421905769830175,8.24300601963787,0
2.8682758919588753,0.07506830521057743,0.18588497060656373,1.0420721605047318,5.897916099426613,0
2.839666187221404,0.08637949916981565,2.2920369200365407,1.874180648451667,8.054354335344929,0
3.1669299832842674,0.1855514404595394,4.89630728046859,1.4968364809536432,9.120561787357907,0
3.7606580259612254,0.15529165331473566,0.0,2.1778297997054343,8.170679551589787,0
3.385849355324172,0.13749501197118552,9.608183545128586,2.139821358518211,9.04846035990406,0
2.353868652447191,0.057469337352402616,4.290387849894394,1.4560165866273165,10.248828299941778,0
3.0923401529324543,0.03212412300790325,0.0,1.1406007891827992,7.543697301423531,0
1.7502971425632134,0.10064143217718426,5.816710175982164,0.5068101877910687,7.836731279977512,0
3.1443468146399285,0.10653450122321913,0.0,2.9948686937879385,8.225273363651281,0
3.310904981108598,0.011446572345595443,1.709374761848042,1.6979029589753942,7.692382444237929,0
3.9823625664581948,0.18478614389054326,3.857709788414587,2.381244655162099,4.925947997744142,0
3.477571160250619,0.03724323140133026,7.9105252477035775,2.4158027257204453,10.81809193282418,0
3.938397906279033,0.06045503091662235,0.0,3.524638596482756,8.730362080605293,0
2.6615389998470205,0.08557256520621476,3.9106050595487662,1.9290946374726312,10.16507401736582,0
3.0733568432166614,0.13552745511488928,1.6230350965982452,1.729729632325391,7.627703562068702,0
3.2462256320040748,0.14141148450923113,6.311380339193155,1.7613944682853726,8.073207313126158,0
3.130625265616928,0.14474552780134126,7.867111913341601,3.4224229552858216,11.715700302581329,0
2.020164938060112,0.10852318854982855,0.0,3.3469412443889954,3.327860789957474,0
2.6239217972047086,0.06746700863158081,3.086573921420192,1.9191844268364424,6.937881659242649,0
3.188204763048758,0.15143844957117403,0.0,2.370867792471025,3.677888005301458,0
3.7755759877612616,0.14203672410647747,1.1468388917824575,3.734041954422619,6.921140412443163,0
2.8985096813021713,0.0,0.0,1.0572247597695255,7.047964504802113,0
3.066770452391141,0.20465989661049724,2.6751115278080455,2.345620344651446,7.141635419544691,0
3.340750348686312,0.11060466765370877,9.717194630810981,2.375359696144473,6.732720268178845,0
3.3045690604535887,0.07381343486142891,5.708427229637303,1.6095908135783668,7.636709722187533,0
2.7959495804198897,0.13450368381683064,5.054757382568339,1.9958574150558455,7.505298145702174,0
2.9702373219691,0.10230013736266372,7.319719959997277,3.493709759005534,7.821328269057908,0
3.4927248428076094,0.12016372815185859,5.3804740554048855,1.1676105550305573,8.177645924557577,0
3.923353662868017,0.12681454547585952,2.5553955532719677,0.9055056391651037,7.554503573695958,0
2.722400236653401,0.13357655858645268,2.6529382324940194,1.294462052721539,6.561055231324126,0
1.6978930716864329,0.01864975395666256,4.030497002892546,1.5403947012425196,10.034131087940306,0
3.9812935952653974,0.07760193307750125,4.584994153950866,3.43388446819627,7.317600534613408,0
3.173838241769168,0.16453792120612143,0.5700283294458401,3.870138692821305,7.63718793056562,0
4.157329283336754,0.047492963019892726,8.597898718764757,2.28638674395539,9.116464213756606,0
2.9204773947999745,0.07043609953151472,6.776341700854755,2.104514036075821,9.611795554002137,0
3.7661838623390578,0.04819282140124016,3.6419295544713997,2.044064634912938,6.872893637502598,0
2.8857000423299906,0.18366819730762618,1.9575073456190948,2.4404944961633377,9.087308256561213,0
2.9249722064837367,0.11906548061323924,5.102815442600667,1.3850558974839569,7.772246784528518,0
2.4284975436347582,0.1103801675700313,4.866180403450996,0.3923586894768032,7.950604713830016,0
2.2414131516641604,0.05531269904581429,3.7284993853805504,1.7573335385728774,5.070586636764866,0
3.0141591880652308,0.05033206502090247,4.153622669198266,1.884811671223521,3.4865497894211623,0
3.9547083202350652,0.06863432770243486,1.3695184910573448,3.3227032199889797,5.964101107729699,0
3.0955495340099515,0.18073893953549258,3.8983881973647554,2.97048845961338,4.743491904569652,0
3.790270343284187,0.13973001914726058,0.0,4.2689916116594535,5.914449886487162,0
2.2035031332341655,0.0,7.242334914281168,1.6653961454697044,5.993069148401419,0
3.1246542978208645,0.08283970365784812,10.232933344229334,2.5136092944152217,4.963156027981421,0
3.1357894185976867,0.11285994851779638,7.670173197426379,2.180305051337503,11.365295188026595,0
2.6186376107168927,0.1366773906752933,6.293068874032679,1.8707025429644921,11.838562600288919,0
19.551013323804092,1.7406971068990174,178.04616351098306,98.15186410532651,408.6466807905824,1
2.7541819071839764,0.10072544996313271,5.24873555951612,2.2448973017127294,10.970433168294235,0
2.4447120772670856,0.10365984955008473,5.091429241761887,0.9736463776101039,9.295211965134142,0
2.6872186492452355,0.06309714581693043,7.903383407010278,0.2281033177535563,8.563897747618102,0
2.223120616991968,0.061656798099772384,6.306638956977092,2.5615734705711044,7.843226600541215,0
2.496991309250149,0.1551938671658129,3.5253141829432098,0.5544818522546766,9.89940076855574,0
2.4916584357117513,0.10341857829838294,6.531606135353709,1.4282641772506663,8.55640919204196,0
3.2993971947809553,0.07445054149021366,4.964007966116829,1.632885829927689,5.9244090539636325,0
3.219237869404864,0.121800288761129,4.180979755932246,0.4236910032287544,9.38739591002629,0
6.378835015320812,2.014060795390894,157.757502703905,188.368201013158,490.0311892976256,1
2.895343090210319,0.10623760498319673,3.3021886073227833,2.1227289077054836,7.6415946913617185,0
3.4462986691496544,0.08715274374391092,3.2630473401802855,1.8560000222983388,8.611402381499554,0
3.084327335983364,0.09686758889390892,7.887507775859895,0.884753463623186,12.103018928171164,0
3.310336048775339,0.09569651536045536,4.507551761834678,2.3684975868390388,7.82570321532915,0
3.505731517704178,0.0,14.473313849132895,2.529299933943669,8.748433469604956,0
2.83982634590284,0.07411537135653927,8.87138222412905,1.2851927410085295,7.317390970679882,0
0.03545904315449563,2.0557170020054176,110.96333237083931,143.14078002890238,433.4665927334041,1
2.6166717061083262,0.10183914165871175,1.0254626572017798,1.5198304157927658,8.70407722591624,0
3.5118547730534906,0.06980705343815227,6.91456099654572,3.5498186063283397,9.525916513427942,0
2.890164056081244,0.16002658292369365,9.645917885072109,1.8926213815899546,10.517772411485643,0
2.974303138205757,0.12172513230456529,5.0265731110066865,4.233115917132176,9.137539390678898,0
2.653789510063072,0.0,2.1799522036287375,2.0748875843715577,8.347647050489696,0
3.194579597833964,0.15115282776261196,3.1454748736994933,2.4613307130354216,3.0,0
2.493584439832788,0.024032696226157876,11.535686521974986,0.2993727503486221,9.23681443148827,0
2.7945928560227076,0.07389342149900038,7.175243133342524,2.5951311859137687,9.34753766867252,0
2.137541083743484,0.07082003368269976,6.437009430178277,1.7860735336488347,8.037998164519742,0
2.664188316030974,0.11031808856627254,0.0,2.4335416104725294,7.960638491343461,0
3.236816038405727,0.16460301671632616,2.354117707198478,0.7818239331926811,7.363166292563393,0
3.0919247723768475,0.0382744000788802,4.589031266918173,3.598110895751759,11.23471739489011,0
3.1083877818813144,0.1360498476452818,6.305634584868807,2.071420832581093,8.401648579348947,0
3.9935305558497207,0.07129587114563653,0.2918312138759491,1.227166269111036,8.095345789244591,0
3.2844915395926377,0.17266377380212722,2.200681768438672,0.49425219943583354,9.411026772120493,0
0.13438260338471583,2.3733265015515332,149.8615306011121,130.25798527045794,221.30071871176358,1
3.063189789773206,0.09045638902234102,6.855081698778995,2.684714854049892,6.296057509900051,0
3.0379776339580435,0.09817050128285344,2.7487696167360314,2.5884361802403073,5.7299758036278625,0
3.0751508807309387,0.21539581253080553,4.756798683693749,0.9341972886512417,5.10523733307382,0
3.1224832855543614,0.0486815396167054,4.569021410308646,3.396760177398491,6.543341463156518,0
2.58136878447515,0.05028224671845633,5.364383192598638,0.6900234456250005,8.660299898783878,0
2.764978926120249,0.11801966975090401,3.480095498636242,2.5065876716972757,9.431218135946182,0
1.8490394176322076,0.09595607510672693,4.055927513635723,3.5761725277413783,5.906761783812996,0
1.5,0.0547692812503117,4.52648747047922,2.6110709051105707,10.224093684206412,0
3.6781200142854114,0.11607966056696194,4.181200039323461,1.632925353981817,8.32358308120544,0
3.098657853702798,0.022231313307937886,2.615319058994929,2.073219450312465,8.539207388126488,0
2.0600378074304775,0.1203311017111337,2.7730159613702847,1.909757118559678,8.28101780857121,0
3.0716942336711255,0.05475260835309669,2.328692741172015,2.628102969833705,8.603863370237407,0
3.4591583030011566,0.05768201400565136,7.189318811102586,2.7367633451678968,7.428255490041758,0
3.3243549437948214,0.15008159126042803,3.3836290862698677,1.2216914469934967,9.988005576737693,0
2.872522103223151,0.11293849026219609,6.438875958654719,0.6054715621345235,6.989965458509647,0
3.46082505596223,0.1211944741221993,7.029522429319925,1.7422754384137047,9.585480352611544,0
3.4751537959867878,0.03174891022866824,5.630024924067767,1.587579930150093,7.814801209463214,0
3.147112064506747,0.03251134653093844,6.996003603526625,1.6114929328811471,7.896573777383908,0
3.732824384460777,0.16001308748694149,5.748352837790216,2.18863108156798,6.807350621816159,0
2.6742909981927756,0.07595831052440104,4.894710599646217,0.9263071538025358,4.515892116456339,0
3.2074327501809554,0.11691787209679799,2.7459635911898888,1.98166193336629,9.085008459329032,0
3.5245046129184447,0.17263083727430897,4.559439436234097,2.446703610809144,9.011077753806417,0
2.4705462064717,0.06164662722998498,5.832547576645671,1.6408683718911252,8.891418280270734,0
2.844866621703272,0.050884820981134275,3.4131597118259034,1.0027350420315846,8.8348940688216,0
2.753121708419344,0.10565702285265115,8.76355610714357,1.6896038635244863,6.727603117595743,0
3.130140253291443,0.07214347137138845,5.692135247224888,2.0567066488392656,9.706220528899479,0
3.3955159735215235,0.07582192580767315,4.656582884603411,0.0,9.89099460931879,0
2.202648466366602,0.0681206228962018,1.7727900546751663,0.786536639847077,9.807782801272003,0
2.607005269746025,0.06104536303116498,8.749131260552955,2.121478579329058,7.202596435033621,0
2.4703932390555243,0.07931921671851787,6.00790452032173,2.7401256641052445,7.7792704814162805,0
2.110639875547861,0.032521189422423394,2.638477790039011,0.5733507891896528,3.89789518429229,0
2.781617881380891,0.11709126069774833,4.92761266863508,2.3712067634700587,7.435845886247303,0
2.217879194144474,0.13272155135528108,9.01577641488682,2.2273259068231903,7.635516351642922,0
3.2865639066206,0.2549149717035629,3.4577335868963064,0.13375406515041055,10.003740827082176,0
3.695103774508657,0.12473528268875163,5.671780621839819,1.4331866821976607,9.292090686857463,0
2.755280278740889,0.0078103208259627105,2.8131222499005135,0.8007956749043568,5.946579016429467,0
3.056758672625624,0.056914846487187094,5.340368120169657,3.1435660449286127,12.113171641415192,0
2.292314628974793,0.06465537160063256,3.236431085275999,1.658907067858392,4.729419459856895,0
2.168754005982163,0.01576662113868066,1.947245668359873,3.4717088983618902,11.032694931598394,0
2.822979644529488,0.020888841662676114,0.4091625922106372,2.1803386906638873,8.321124236594839,0
3.744931719301041,0.10617399045822971,4.924433949411561,2.8983025496890353,4.137095421807556,0
2.8037644469695637,0.21157494555138745,4.540218339802084,3.65886969445533,7.851495785013835,0
3.7690182832329846,0.1851257329064803,0.47433209536143117,1.479369393437701,9.61908377650588,0
2.590371070139251,0.04392349262874863,6.399333790520783,1.2550212325149448,9.887403268799682,0
2.899254233026241,0.15193030346044084,5.656154798424463,2.477588819553005,9.99616834520731,0
2.995440501677898,0.1365977751254923,9.309104102731261,2.3861664979983885,4.727396429801081,0
3.17780667439283,0.07470169005060724,0.3216926626213237,1.4104210040638723,7.746024373590039,0
16.66883991398125,4.61554726900688,138.05670235907877,118.70341034153063,243.9470039306763,1
3.1209811357830173,0.035641821570787505,5.598831255208348,0.0,6.706943041046971,0
3.19316165890578,0.0991052511495825,0.0,2.299794874163164,8.222176702609666,0
